[{"pk": 1, "model": "contenttypes.contenttype", "fields": {"model": "permission", "name": "permission", "app_label": "auth"}}, {"pk": 2, "model": "contenttypes.contenttype", "fields": {"model": "group", "name": "group", "app_label": "auth"}}, {"pk": 3, "model": "contenttypes.contenttype", "fields": {"model": "user", "name": "user", "app_label": "auth"}}, {"pk": 4, "model": "contenttypes.contenttype", "fields": {"model": "contenttype", "name": "content type", "app_label": "contenttypes"}}, {"pk": 5, "model": "contenttypes.contenttype", "fields": {"model": "session", "name": "session", "app_label": "sessions"}}, {"pk": 6, "model": "contenttypes.contenttype", "fields": {"model": "site", "name": "site", "app_label": "sites"}}, {"pk": 7, "model": "contenttypes.contenttype", "fields": {"model": "logentry", "name": "log entry", "app_label": "admin"}}, {"pk": 8, "model": "contenttypes.contenttype", "fields": {"model": "categoria", "name": "categoria", "app_label": "votacao"}}, {"pk": 9, "model": "contenttypes.contenttype", "fields": {"model": "foto", "name": "foto", "app_label": "votacao"}}, {"pk": 10, "model": "contenttypes.contenttype", "fields": {"model": "voto", "name": "voto", "app_label": "votacao"}}, {"pk": 11, "model": "contenttypes.contenttype", "fields": {"model": "source", "name": "source", "app_label": "easy_thumbnails"}}, {"pk": 12, "model": "contenttypes.contenttype", "fields": {"model": "thumbnail", "name": "thumbnail", "app_label": "easy_thumbnails"}}, {"pk": 13, "model": "contenttypes.contenttype", "fields": {"model": "votocpf", "name": "voto cpf", "app_label": "votacao"}}, {"pk": "7f4c91217d105a32de1758d6c22c7cea", "model": "sessions.session", "fields": {"expire_date": "2013-10-10T13:42:05.642Z", "session_data": "NTVmMzIxMzU3MjhlOTdlYjIxZjZlNTBhN2ViMWUyYTI4ZDgwYjVmYzqAAn1xAShVEl9hdXRoX3Vz\nZXJfYmFja2VuZHECVSlkamFuZ28uY29udHJpYi5hdXRoLmJhY2tlbmRzLk1vZGVsQmFja2VuZHED\nVQ1fYXV0aF91c2VyX2lkcQRLAXUu\n"}}, {"pk": "g8ptofzcb91hd9sw6rby2tid0jskm6ac", "model": "sessions.session", "fields": {"expire_date": "2013-10-22T18:16:51.637Z", "session_data": "NjMxYzE1OTMyNmExM2ZkMDMwNGRlZGUyZTc2ZWJiY2QwY2VmNzY0NDqAAn1xAVgKAAAAdGVzdGNvb2tpZXECWAYAAAB3b3JrZWRxA3Mu"}}, {"pk": 1, "model": "sites.site", "fields": {"domain": "example.com", "name": "example.com"}}, {"pk": 1, "model": "votacao.categoria", "fields": {"nome": "Palmeira das Miss\u00f5es"}}, {"pk": 2, "model": "votacao.categoria", "fields": {"nome": "Frederico Westphalen"}}, {"pk": 15, "model": "votacao.foto", "fields": {"autor": "2", "categoria": 2, "foto": "images/2.JPG"}}, {"pk": 16, "model": "votacao.foto", "fields": {"autor": "3", "categoria": 2, "foto": "images/3.jpg"}}, {"pk": 17, "model": "votacao.foto", "fields": {"autor": "4", "categoria": 2, "foto": "images/4.JPG"}}, {"pk": 18, "model": "votacao.foto", "fields": {"autor": "5", "categoria": 2, "foto": "images/5.jpg"}}, {"pk": 19, "model": "votacao.foto", "fields": {"autor": "7", "categoria": 2, "foto": "images/7.JPG"}}, {"pk": 20, "model": "votacao.foto", "fields": {"autor": "10", "categoria": 2, "foto": "images/10.JPG"}}, {"pk": 21, "model": "votacao.foto", "fields": {"autor": "15", "categoria": 2, "foto": "images/15.JPG"}}, {"pk": 22, "model": "votacao.foto", "fields": {"autor": "18", "categoria": 2, "foto": "images/18.JPG"}}, {"pk": 23, "model": "votacao.foto", "fields": {"autor": "19", "categoria": 2, "foto": "images/19.jpg"}}, {"pk": 24, "model": "votacao.foto", "fields": {"autor": "20", "categoria": 2, "foto": "images/20.JPG"}}, {"pk": 25, "model": "votacao.foto", "fields": {"autor": "22", "categoria": 2, "foto": "images/22.JPG"}}, {"pk": 26, "model": "votacao.foto", "fields": {"autor": "26", "categoria": 2, "foto": "images/26.JPG"}}, {"pk": 27, "model": "votacao.foto", "fields": {"autor": "29", "categoria": 2, "foto": "images/29.JPG"}}, {"pk": 28, "model": "votacao.foto", "fields": {"autor": "31", "categoria": 2, "foto": "images/31.jpg"}}, {"pk": 29, "model": "votacao.foto", "fields": {"autor": "32", "categoria": 2, "foto": "images/32.JPG"}}, {"pk": 30, "model": "votacao.foto", "fields": {"autor": "33", "categoria": 2, "foto": "images/33.JPG"}}, {"pk": 31, "model": "votacao.foto", "fields": {"autor": "36", "categoria": 2, "foto": "images/36.JPG"}}, {"pk": 32, "model": "votacao.foto", "fields": {"autor": "38", "categoria": 2, "foto": "images/38.jpg"}}, {"pk": 33, "model": "votacao.foto", "fields": {"autor": "42", "categoria": 2, "foto": "images/42.JPG"}}, {"pk": 34, "model": "votacao.foto", "fields": {"autor": "46", "categoria": 2, "foto": "images/46.JPG"}}, {"pk": 35, "model": "votacao.foto", "fields": {"autor": "47", "categoria": 2, "foto": "images/47.JPG"}}, {"pk": 36, "model": "votacao.foto", "fields": {"autor": "48", "categoria": 2, "foto": "images/48.JPG"}}, {"pk": 37, "model": "votacao.foto", "fields": {"autor": "49", "categoria": 2, "foto": "images/49.jpg"}}, {"pk": 38, "model": "votacao.foto", "fields": {"autor": "50", "categoria": 2, "foto": "images/50.jpg"}}, {"pk": 39, "model": "votacao.foto", "fields": {"autor": "52", "categoria": 2, "foto": "images/52.JPG"}}, {"pk": 40, "model": "votacao.foto", "fields": {"autor": "54", "categoria": 2, "foto": "images/54.JPG"}}, {"pk": 41, "model": "votacao.foto", "fields": {"autor": "57", "categoria": 2, "foto": "images/57.JPG"}}, {"pk": 42, "model": "votacao.foto", "fields": {"autor": "63", "categoria": 2, "foto": "images/63.JPG"}}, {"pk": 43, "model": "votacao.foto", "fields": {"autor": "68", "categoria": 2, "foto": "images/68.jpg"}}, {"pk": 44, "model": "votacao.foto", "fields": {"autor": "69", "categoria": 2, "foto": "images/69.jpg"}}, {"pk": 45, "model": "votacao.foto", "fields": {"autor": "1", "categoria": 1, "foto": "images/01.JPG"}}, {"pk": 46, "model": "votacao.foto", "fields": {"autor": "3", "categoria": 1, "foto": "images/03.JPG"}}, {"pk": 47, "model": "votacao.foto", "fields": {"autor": "7", "categoria": 1, "foto": "images/07.jpg"}}, {"pk": 48, "model": "votacao.foto", "fields": {"autor": "8", "categoria": 1, "foto": "images/08.jpg"}}, {"pk": 49, "model": "votacao.foto", "fields": {"autor": "9", "categoria": 1, "foto": "images/09.jpg"}}, {"pk": 50, "model": "votacao.foto", "fields": {"autor": "10", "categoria": 1, "foto": "images/10_1.JPG"}}, {"pk": 51, "model": "votacao.foto", "fields": {"autor": "11", "categoria": 1, "foto": "images/11.JPG"}}, {"pk": 52, "model": "votacao.foto", "fields": {"autor": "12", "categoria": 1, "foto": "images/12.JPG"}}, {"pk": 53, "model": "votacao.foto", "fields": {"autor": "13", "categoria": 1, "foto": "images/13.JPG"}}, {"pk": 54, "model": "votacao.foto", "fields": {"autor": "15", "categoria": 1, "foto": "images/15_1.JPG"}}, {"pk": 55, "model": "votacao.foto", "fields": {"autor": "16", "categoria": 1, "foto": "images/16.JPG"}}, {"pk": 56, "model": "votacao.foto", "fields": {"autor": "18", "categoria": 1, "foto": "images/18_1.jpg"}}, {"pk": 57, "model": "votacao.foto", "fields": {"autor": "19", "categoria": 1, "foto": "images/19_1.JPG"}}, {"pk": 58, "model": "votacao.foto", "fields": {"autor": "20", "categoria": 1, "foto": "images/20_1.JPG"}}, {"pk": 59, "model": "votacao.foto", "fields": {"autor": "22", "categoria": 1, "foto": "images/22_1.JPG"}}, {"pk": 60, "model": "votacao.foto", "fields": {"autor": "24", "categoria": 1, "foto": "images/24.JPG"}}, {"pk": 61, "model": "votacao.foto", "fields": {"autor": "25", "categoria": 1, "foto": "images/25.jpg"}}, {"pk": 62, "model": "votacao.foto", "fields": {"autor": "26", "categoria": 1, "foto": "images/26_1.jpg"}}, {"pk": 63, "model": "votacao.foto", "fields": {"autor": "28", "categoria": 1, "foto": "images/28.JPG"}}, {"pk": 64, "model": "votacao.foto", "fields": {"autor": "30", "categoria": 1, "foto": "images/30.JPG"}}, {"pk": 65, "model": "votacao.foto", "fields": {"autor": "31", "categoria": 1, "foto": "images/31_1.JPG"}}, {"pk": 66, "model": "votacao.foto", "fields": {"autor": "32", "categoria": 1, "foto": "images/32_1.jpg"}}, {"pk": 67, "model": "votacao.foto", "fields": {"autor": "33", "categoria": 1, "foto": "images/33_1.jpg"}}, {"pk": 68, "model": "votacao.foto", "fields": {"autor": "34", "categoria": 1, "foto": "images/34.png"}}, {"pk": 69, "model": "votacao.foto", "fields": {"autor": "35", "categoria": 1, "foto": "images/35.jpg"}}, {"pk": 70, "model": "votacao.foto", "fields": {"autor": "36", "categoria": 1, "foto": "images/36_1.JPG"}}, {"pk": 71, "model": "votacao.foto", "fields": {"autor": "37", "categoria": 1, "foto": "images/37.JPG"}}, {"pk": 72, "model": "votacao.foto", "fields": {"autor": "38", "categoria": 1, "foto": "images/38_1.JPG"}}, {"pk": 73, "model": "votacao.foto", "fields": {"autor": "41", "categoria": 1, "foto": "images/41.JPG"}}, {"pk": 74, "model": "votacao.foto", "fields": {"autor": "42", "categoria": 1, "foto": "images/42_1.jpg"}}, {"pk": 1, "model": "votacao.votocpf", "fields": {"categoria": 1, "voto": 50, "usuario": "00216173094"}}, {"pk": 2, "model": "votacao.votocpf", "fields": {"categoria": 1, "voto": 69, "usuario": "00216173094"}}, {"pk": 3, "model": "votacao.votocpf", "fields": {"categoria": 1, "voto": 68, "usuario": "00216173094"}}, {"pk": 4, "model": "votacao.votocpf", "fields": {"categoria": 2, "voto": 35, "usuario": "00216173094"}}, {"pk": 5, "model": "votacao.votocpf", "fields": {"categoria": 2, "voto": 28, "usuario": "00216173094"}}, {"pk": 6, "model": "votacao.votocpf", "fields": {"categoria": 2, "voto": 36, "usuario": "00216173094"}}, {"pk": 7, "model": "votacao.votocpf", "fields": {"categoria": 1, "voto": 57, "usuario": "01847553010"}}, {"pk": 8, "model": "votacao.votocpf", "fields": {"categoria": 1, "voto": 54, "usuario": "01847553010"}}, {"pk": 9, "model": "votacao.votocpf", "fields": {"categoria": 1, "voto": 74, "usuario": "01847553010"}}, {"pk": 10, "model": "votacao.votocpf", "fields": {"categoria": 2, "voto": 18, "usuario": "01847553010"}}, {"pk": 1, "model": "easy_thumbnails.source", "fields": {"name": "images/935969_517876674972140_753039662_n.jpg", "storage_hash": "f9bde26a1556cd667f742bd34ec7c55e", "modified": "2013-09-26T16:47:20.030Z"}}, {"pk": 2, "model": "easy_thumbnails.source", "fields": {"name": "images/0PVWvqD.jpg", "storage_hash": "f9bde26a1556cd667f742bd34ec7c55e", "modified": "2013-09-27T11:26:30.952Z"}}, {"pk": 3, "model": "easy_thumbnails.source", "fields": {"name": "images/1235062_587142717991454_1604991782_n.jpg", "storage_hash": "f9bde26a1556cd667f742bd34ec7c55e", "modified": "2013-09-27T11:26:38.326Z"}}, {"pk": 4, "model": "easy_thumbnails.source", "fields": {"name": "images/1235062_587142717991454_1604991782_n_1.jpg", "storage_hash": "f9bde26a1556cd667f742bd34ec7c55e", "modified": "2013-09-27T11:26:44.666Z"}}, {"pk": 5, "model": "easy_thumbnails.source", "fields": {"name": "images/carregadopracasa.jpg", "storage_hash": "f9bde26a1556cd667f742bd34ec7c55e", "modified": "2013-09-27T11:26:51.513Z"}}, {"pk": 6, "model": "easy_thumbnails.source", "fields": {"name": "images/Desert.jpg", "storage_hash": "f9bde26a1556cd667f742bd34ec7c55e", "modified": "2013-09-27T11:26:59.364Z"}}, {"pk": 7, "model": "easy_thumbnails.source", "fields": {"name": "images/Hydrangeas.jpg", "storage_hash": "f9bde26a1556cd667f742bd34ec7c55e", "modified": "2013-09-27T11:27:05.276Z"}}, {"pk": 8, "model": "easy_thumbnails.source", "fields": {"name": "images/Penguins.jpg", "storage_hash": "f9bde26a1556cd667f742bd34ec7c55e", "modified": "2013-09-27T11:28:19.943Z"}}, {"pk": 9, "model": "easy_thumbnails.source", "fields": {"name": "images/Tulips.jpg", "storage_hash": "f9bde26a1556cd667f742bd34ec7c55e", "modified": "2013-09-27T11:28:30.129Z"}}, {"pk": 10, "model": "easy_thumbnails.source", "fields": {"name": "images/Jellyfish.jpg", "storage_hash": "f9bde26a1556cd667f742bd34ec7c55e", "modified": "2013-09-27T11:28:35.777Z"}}, {"pk": 11, "model": "easy_thumbnails.source", "fields": {"name": "images/Chrysanthemum.jpg", "storage_hash": "f9bde26a1556cd667f742bd34ec7c55e", "modified": "2013-09-27T11:28:41.580Z"}}, {"pk": 12, "model": "easy_thumbnails.source", "fields": {"name": "images/cachorrodecego.jpg", "storage_hash": "f9bde26a1556cd667f742bd34ec7c55e", "modified": "2013-09-27T11:54:16.904Z"}}, {"pk": 13, "model": "easy_thumbnails.source", "fields": {"name": "images/aniver.jpg", "storage_hash": "f9bde26a1556cd667f742bd34ec7c55e", "modified": "2013-09-27T11:54:23.663Z"}}, {"pk": 14, "model": "easy_thumbnails.source", "fields": {"name": "images/JXSsGaK.jpg", "storage_hash": "f9bde26a1556cd667f742bd34ec7c55e", "modified": "2013-09-27T11:54:34.802Z"}}, {"pk": 15, "model": "easy_thumbnails.source", "fields": {"name": "images/2.JPG", "storage_hash": "f9bde26a1556cd667f742bd34ec7c55e", "modified": "2013-10-08T12:59:58.124Z"}}, {"pk": 16, "model": "easy_thumbnails.source", "fields": {"name": "images/3.jpg", "storage_hash": "f9bde26a1556cd667f742bd34ec7c55e", "modified": "2013-10-08T13:00:03.433Z"}}, {"pk": 17, "model": "easy_thumbnails.source", "fields": {"name": "images/4.JPG", "storage_hash": "f9bde26a1556cd667f742bd34ec7c55e", "modified": "2013-10-08T13:00:10.216Z"}}, {"pk": 18, "model": "easy_thumbnails.source", "fields": {"name": "images/5.jpg", "storage_hash": "f9bde26a1556cd667f742bd34ec7c55e", "modified": "2013-10-08T13:00:14.989Z"}}, {"pk": 19, "model": "easy_thumbnails.source", "fields": {"name": "images/7.JPG", "storage_hash": "f9bde26a1556cd667f742bd34ec7c55e", "modified": "2013-10-08T13:00:28.556Z"}}, {"pk": 20, "model": "easy_thumbnails.source", "fields": {"name": "images/10.JPG", "storage_hash": "f9bde26a1556cd667f742bd34ec7c55e", "modified": "2013-10-08T13:00:39.228Z"}}, {"pk": 21, "model": "easy_thumbnails.source", "fields": {"name": "images/15.JPG", "storage_hash": "f9bde26a1556cd667f742bd34ec7c55e", "modified": "2013-10-08T13:00:47.887Z"}}, {"pk": 22, "model": "easy_thumbnails.source", "fields": {"name": "images/18.JPG", "storage_hash": "f9bde26a1556cd667f742bd34ec7c55e", "modified": "2013-10-08T13:00:55.873Z"}}, {"pk": 23, "model": "easy_thumbnails.source", "fields": {"name": "images/19.jpg", "storage_hash": "f9bde26a1556cd667f742bd34ec7c55e", "modified": "2013-10-08T13:01:02.862Z"}}, {"pk": 24, "model": "easy_thumbnails.source", "fields": {"name": "images/20.JPG", "storage_hash": "f9bde26a1556cd667f742bd34ec7c55e", "modified": "2013-10-08T13:01:10.325Z"}}, {"pk": 25, "model": "easy_thumbnails.source", "fields": {"name": "images/22.JPG", "storage_hash": "f9bde26a1556cd667f742bd34ec7c55e", "modified": "2013-10-08T13:01:16.503Z"}}, {"pk": 26, "model": "easy_thumbnails.source", "fields": {"name": "images/26.JPG", "storage_hash": "f9bde26a1556cd667f742bd34ec7c55e", "modified": "2013-10-08T13:01:27.039Z"}}, {"pk": 27, "model": "easy_thumbnails.source", "fields": {"name": "images/29.JPG", "storage_hash": "f9bde26a1556cd667f742bd34ec7c55e", "modified": "2013-10-08T13:01:34.431Z"}}, {"pk": 28, "model": "easy_thumbnails.source", "fields": {"name": "images/31.jpg", "storage_hash": "f9bde26a1556cd667f742bd34ec7c55e", "modified": "2013-10-08T13:01:41.811Z"}}, {"pk": 29, "model": "easy_thumbnails.source", "fields": {"name": "images/32.JPG", "storage_hash": "f9bde26a1556cd667f742bd34ec7c55e", "modified": "2013-10-08T13:01:49.474Z"}}, {"pk": 30, "model": "easy_thumbnails.source", "fields": {"name": "images/33.JPG", "storage_hash": "f9bde26a1556cd667f742bd34ec7c55e", "modified": "2013-10-08T13:02:37.962Z"}}, {"pk": 31, "model": "easy_thumbnails.source", "fields": {"name": "images/36.JPG", "storage_hash": "f9bde26a1556cd667f742bd34ec7c55e", "modified": "2013-10-08T13:02:45.075Z"}}, {"pk": 32, "model": "easy_thumbnails.source", "fields": {"name": "images/38.jpg", "storage_hash": "f9bde26a1556cd667f742bd34ec7c55e", "modified": "2013-10-08T13:03:01.378Z"}}, {"pk": 33, "model": "easy_thumbnails.source", "fields": {"name": "images/42.JPG", "storage_hash": "f9bde26a1556cd667f742bd34ec7c55e", "modified": "2013-10-08T13:03:08.439Z"}}, {"pk": 34, "model": "easy_thumbnails.source", "fields": {"name": "images/46.JPG", "storage_hash": "f9bde26a1556cd667f742bd34ec7c55e", "modified": "2013-10-08T13:03:19.670Z"}}, {"pk": 35, "model": "easy_thumbnails.source", "fields": {"name": "images/47.JPG", "storage_hash": "f9bde26a1556cd667f742bd34ec7c55e", "modified": "2013-10-08T13:03:28.640Z"}}, {"pk": 36, "model": "easy_thumbnails.source", "fields": {"name": "images/48.JPG", "storage_hash": "f9bde26a1556cd667f742bd34ec7c55e", "modified": "2013-10-08T13:03:36.955Z"}}, {"pk": 37, "model": "easy_thumbnails.source", "fields": {"name": "images/49.jpg", "storage_hash": "f9bde26a1556cd667f742bd34ec7c55e", "modified": "2013-10-08T13:03:47.007Z"}}, {"pk": 38, "model": "easy_thumbnails.source", "fields": {"name": "images/50.jpg", "storage_hash": "f9bde26a1556cd667f742bd34ec7c55e", "modified": "2013-10-08T13:03:54.378Z"}}, {"pk": 39, "model": "easy_thumbnails.source", "fields": {"name": "images/52.JPG", "storage_hash": "f9bde26a1556cd667f742bd34ec7c55e", "modified": "2013-10-08T13:04:01.693Z"}}, {"pk": 40, "model": "easy_thumbnails.source", "fields": {"name": "images/54.JPG", "storage_hash": "f9bde26a1556cd667f742bd34ec7c55e", "modified": "2013-10-08T13:04:07.881Z"}}, {"pk": 41, "model": "easy_thumbnails.source", "fields": {"name": "images/57.JPG", "storage_hash": "f9bde26a1556cd667f742bd34ec7c55e", "modified": "2013-10-08T13:04:48.740Z"}}, {"pk": 42, "model": "easy_thumbnails.source", "fields": {"name": "images/63.JPG", "storage_hash": "f9bde26a1556cd667f742bd34ec7c55e", "modified": "2013-10-08T13:04:57.886Z"}}, {"pk": 43, "model": "easy_thumbnails.source", "fields": {"name": "images/68.jpg", "storage_hash": "f9bde26a1556cd667f742bd34ec7c55e", "modified": "2013-10-08T13:05:04.677Z"}}, {"pk": 44, "model": "easy_thumbnails.source", "fields": {"name": "images/69.jpg", "storage_hash": "f9bde26a1556cd667f742bd34ec7c55e", "modified": "2013-10-08T13:05:15.887Z"}}, {"pk": 45, "model": "easy_thumbnails.source", "fields": {"name": "images/01.JPG", "storage_hash": "f9bde26a1556cd667f742bd34ec7c55e", "modified": "2013-10-08T13:06:23.706Z"}}, {"pk": 46, "model": "easy_thumbnails.source", "fields": {"name": "images/03.JPG", "storage_hash": "f9bde26a1556cd667f742bd34ec7c55e", "modified": "2013-10-08T13:06:31.046Z"}}, {"pk": 47, "model": "easy_thumbnails.source", "fields": {"name": "images/07.jpg", "storage_hash": "f9bde26a1556cd667f742bd34ec7c55e", "modified": "2013-10-08T13:06:37.847Z"}}, {"pk": 48, "model": "easy_thumbnails.source", "fields": {"name": "images/08.jpg", "storage_hash": "f9bde26a1556cd667f742bd34ec7c55e", "modified": "2013-10-08T13:06:49.507Z"}}, {"pk": 49, "model": "easy_thumbnails.source", "fields": {"name": "images/09.jpg", "storage_hash": "f9bde26a1556cd667f742bd34ec7c55e", "modified": "2013-10-08T13:06:56.232Z"}}, {"pk": 50, "model": "easy_thumbnails.source", "fields": {"name": "images/10_1.JPG", "storage_hash": "f9bde26a1556cd667f742bd34ec7c55e", "modified": "2013-10-08T13:07:04.986Z"}}, {"pk": 51, "model": "easy_thumbnails.source", "fields": {"name": "images/11.JPG", "storage_hash": "f9bde26a1556cd667f742bd34ec7c55e", "modified": "2013-10-08T13:07:13.917Z"}}, {"pk": 52, "model": "easy_thumbnails.source", "fields": {"name": "images/12.JPG", "storage_hash": "f9bde26a1556cd667f742bd34ec7c55e", "modified": "2013-10-08T13:07:22.540Z"}}, {"pk": 53, "model": "easy_thumbnails.source", "fields": {"name": "images/13.JPG", "storage_hash": "f9bde26a1556cd667f742bd34ec7c55e", "modified": "2013-10-08T13:07:28.855Z"}}, {"pk": 54, "model": "easy_thumbnails.source", "fields": {"name": "images/15_1.JPG", "storage_hash": "f9bde26a1556cd667f742bd34ec7c55e", "modified": "2013-10-08T13:07:39.591Z"}}, {"pk": 55, "model": "easy_thumbnails.source", "fields": {"name": "images/16.JPG", "storage_hash": "f9bde26a1556cd667f742bd34ec7c55e", "modified": "2013-10-08T13:08:02.984Z"}}, {"pk": 56, "model": "easy_thumbnails.source", "fields": {"name": "images/18_1.jpg", "storage_hash": "f9bde26a1556cd667f742bd34ec7c55e", "modified": "2013-10-08T13:08:10.154Z"}}, {"pk": 57, "model": "easy_thumbnails.source", "fields": {"name": "images/19_1.JPG", "storage_hash": "f9bde26a1556cd667f742bd34ec7c55e", "modified": "2013-10-08T13:08:21.010Z"}}, {"pk": 58, "model": "easy_thumbnails.source", "fields": {"name": "images/20_1.JPG", "storage_hash": "f9bde26a1556cd667f742bd34ec7c55e", "modified": "2013-10-08T13:08:32.321Z"}}, {"pk": 59, "model": "easy_thumbnails.source", "fields": {"name": "images/22_1.JPG", "storage_hash": "f9bde26a1556cd667f742bd34ec7c55e", "modified": "2013-10-08T13:08:41.401Z"}}, {"pk": 60, "model": "easy_thumbnails.source", "fields": {"name": "images/24.JPG", "storage_hash": "f9bde26a1556cd667f742bd34ec7c55e", "modified": "2013-10-08T13:08:48.283Z"}}, {"pk": 61, "model": "easy_thumbnails.source", "fields": {"name": "images/25.jpg", "storage_hash": "f9bde26a1556cd667f742bd34ec7c55e", "modified": "2013-10-08T13:08:57.667Z"}}, {"pk": 62, "model": "easy_thumbnails.source", "fields": {"name": "images/26_1.jpg", "storage_hash": "f9bde26a1556cd667f742bd34ec7c55e", "modified": "2013-10-08T13:09:06.129Z"}}, {"pk": 63, "model": "easy_thumbnails.source", "fields": {"name": "images/28.JPG", "storage_hash": "f9bde26a1556cd667f742bd34ec7c55e", "modified": "2013-10-08T13:09:14.500Z"}}, {"pk": 64, "model": "easy_thumbnails.source", "fields": {"name": "images/30.JPG", "storage_hash": "f9bde26a1556cd667f742bd34ec7c55e", "modified": "2013-10-08T13:09:23.352Z"}}, {"pk": 65, "model": "easy_thumbnails.source", "fields": {"name": "images/31_1.JPG", "storage_hash": "f9bde26a1556cd667f742bd34ec7c55e", "modified": "2013-10-08T13:09:30.360Z"}}, {"pk": 66, "model": "easy_thumbnails.source", "fields": {"name": "images/32_1.jpg", "storage_hash": "f9bde26a1556cd667f742bd34ec7c55e", "modified": "2013-10-08T13:09:40.933Z"}}, {"pk": 67, "model": "easy_thumbnails.source", "fields": {"name": "images/33_1.jpg", "storage_hash": "f9bde26a1556cd667f742bd34ec7c55e", "modified": "2013-10-08T13:09:49.942Z"}}, {"pk": 68, "model": "easy_thumbnails.source", "fields": {"name": "images/34.png", "storage_hash": "f9bde26a1556cd667f742bd34ec7c55e", "modified": "2013-10-08T13:09:56.092Z"}}, {"pk": 69, "model": "easy_thumbnails.source", "fields": {"name": "images/35.jpg", "storage_hash": "f9bde26a1556cd667f742bd34ec7c55e", "modified": "2013-10-08T13:10:02.981Z"}}, {"pk": 70, "model": "easy_thumbnails.source", "fields": {"name": "images/36_1.JPG", "storage_hash": "f9bde26a1556cd667f742bd34ec7c55e", "modified": "2013-10-08T13:10:08.697Z"}}, {"pk": 71, "model": "easy_thumbnails.source", "fields": {"name": "images/37.JPG", "storage_hash": "f9bde26a1556cd667f742bd34ec7c55e", "modified": "2013-10-08T13:10:17.513Z"}}, {"pk": 72, "model": "easy_thumbnails.source", "fields": {"name": "images/38_1.JPG", "storage_hash": "f9bde26a1556cd667f742bd34ec7c55e", "modified": "2013-10-08T13:10:26.398Z"}}, {"pk": 73, "model": "easy_thumbnails.source", "fields": {"name": "images/41.JPG", "storage_hash": "f9bde26a1556cd667f742bd34ec7c55e", "modified": "2013-10-08T13:10:37.750Z"}}, {"pk": 74, "model": "easy_thumbnails.source", "fields": {"name": "images/42_1.jpg", "storage_hash": "f9bde26a1556cd667f742bd34ec7c55e", "modified": "2013-10-08T13:10:46.036Z"}}, {"pk": 1, "model": "easy_thumbnails.thumbnail", "fields": {"source": 1, "name": "images\\935969_517876674972140_753039662_n.jpg.150x150_q85_crop-(0, 0).jpg", "storage_hash": "d26becbf46ac48eda79c7a39a13a02dd", "modified": "2013-09-26T17:50:21.949Z"}}, {"pk": 2, "model": "easy_thumbnails.thumbnail", "fields": {"source": 2, "name": "images\\0PVWvqD.jpg.150x150_q85_crop-(0, 0).jpg", "storage_hash": "d26becbf46ac48eda79c7a39a13a02dd", "modified": "2013-09-27T11:26:31.020Z"}}, {"pk": 3, "model": "easy_thumbnails.thumbnail", "fields": {"source": 3, "name": "images\\1235062_587142717991454_1604991782_n.jpg.150x150_q85_crop-(0, 0).jpg", "storage_hash": "d26becbf46ac48eda79c7a39a13a02dd", "modified": "2013-09-27T11:26:38.351Z"}}, {"pk": 4, "model": "easy_thumbnails.thumbnail", "fields": {"source": 4, "name": "images\\1235062_587142717991454_1604991782_n_1.jpg.150x150_q85_crop-(0, 0).jpg", "storage_hash": "d26becbf46ac48eda79c7a39a13a02dd", "modified": "2013-09-27T11:26:44.693Z"}}, {"pk": 5, "model": "easy_thumbnails.thumbnail", "fields": {"source": 5, "name": "images\\carregadopracasa.jpg.150x150_q85_crop-(0, 0).jpg", "storage_hash": "d26becbf46ac48eda79c7a39a13a02dd", "modified": "2013-09-27T11:26:51.557Z"}}, {"pk": 6, "model": "easy_thumbnails.thumbnail", "fields": {"source": 6, "name": "images\\Desert.jpg.150x150_q85_crop-(0, 0).jpg", "storage_hash": "d26becbf46ac48eda79c7a39a13a02dd", "modified": "2013-09-27T11:26:59.440Z"}}, {"pk": 7, "model": "easy_thumbnails.thumbnail", "fields": {"source": 7, "name": "images\\Hydrangeas.jpg.150x150_q85_crop-(0, 0).jpg", "storage_hash": "d26becbf46ac48eda79c7a39a13a02dd", "modified": "2013-09-27T11:27:05.358Z"}}, {"pk": 8, "model": "easy_thumbnails.thumbnail", "fields": {"source": 8, "name": "images\\Penguins.jpg.150x150_q85_crop-(0, 0).jpg", "storage_hash": "d26becbf46ac48eda79c7a39a13a02dd", "modified": "2013-09-27T11:28:20.026Z"}}, {"pk": 9, "model": "easy_thumbnails.thumbnail", "fields": {"source": 9, "name": "images\\Tulips.jpg.150x150_q85_crop-(0, 0).jpg", "storage_hash": "d26becbf46ac48eda79c7a39a13a02dd", "modified": "2013-09-27T11:28:30.206Z"}}, {"pk": 10, "model": "easy_thumbnails.thumbnail", "fields": {"source": 10, "name": "images\\Jellyfish.jpg.150x150_q85_crop-(0, 0).jpg", "storage_hash": "d26becbf46ac48eda79c7a39a13a02dd", "modified": "2013-09-27T11:28:35.854Z"}}, {"pk": 11, "model": "easy_thumbnails.thumbnail", "fields": {"source": 11, "name": "images\\Chrysanthemum.jpg.150x150_q85_crop-(0, 0).jpg", "storage_hash": "d26becbf46ac48eda79c7a39a13a02dd", "modified": "2013-09-27T11:28:41.659Z"}}, {"pk": 12, "model": "easy_thumbnails.thumbnail", "fields": {"source": 12, "name": "images\\cachorrodecego.jpg.150x150_q85_crop-(0, 0).jpg", "storage_hash": "d26becbf46ac48eda79c7a39a13a02dd", "modified": "2013-09-27T11:54:17.007Z"}}, {"pk": 13, "model": "easy_thumbnails.thumbnail", "fields": {"source": 13, "name": "images\\aniver.jpg.150x150_q85_crop-(0, 0).jpg", "storage_hash": "d26becbf46ac48eda79c7a39a13a02dd", "modified": "2013-09-27T11:54:23.796Z"}}, {"pk": 14, "model": "easy_thumbnails.thumbnail", "fields": {"source": 14, "name": "images\\JXSsGaK.jpg.150x150_q85_crop-(0, 0).jpg", "storage_hash": "d26becbf46ac48eda79c7a39a13a02dd", "modified": "2013-09-27T11:54:34.857Z"}}, {"pk": 15, "model": "easy_thumbnails.thumbnail", "fields": {"source": 1, "name": "images\\935969_517876674972140_753039662_n.jpg.800x600_q90_crop-(0, 0).jpg", "storage_hash": "d26becbf46ac48eda79c7a39a13a02dd", "modified": "2013-09-27T11:57:38.826Z"}}, {"pk": 16, "model": "easy_thumbnails.thumbnail", "fields": {"source": 1, "name": "images\\935969_517876674972140_753039662_n.jpg.200x150_q70_crop-(0, 0).jpg", "storage_hash": "d26becbf46ac48eda79c7a39a13a02dd", "modified": "2013-09-27T11:57:38.878Z"}}, {"pk": 17, "model": "easy_thumbnails.thumbnail", "fields": {"source": 4, "name": "images\\1235062_587142717991454_1604991782_n_1.jpg.800x600_q90_crop-(0, 0).jpg", "storage_hash": "d26becbf46ac48eda79c7a39a13a02dd", "modified": "2013-09-27T11:57:38.911Z"}}, {"pk": 18, "model": "easy_thumbnails.thumbnail", "fields": {"source": 4, "name": "images\\1235062_587142717991454_1604991782_n_1.jpg.200x150_q70_crop-(0, 0).jpg", "storage_hash": "d26becbf46ac48eda79c7a39a13a02dd", "modified": "2013-09-27T11:57:38.950Z"}}, {"pk": 19, "model": "easy_thumbnails.thumbnail", "fields": {"source": 5, "name": "images\\carregadopracasa.jpg.800x600_q90_crop-(0, 0).jpg", "storage_hash": "d26becbf46ac48eda79c7a39a13a02dd", "modified": "2013-09-27T11:57:38.991Z"}}, {"pk": 20, "model": "easy_thumbnails.thumbnail", "fields": {"source": 5, "name": "images\\carregadopracasa.jpg.200x150_q70_crop-(0, 0).jpg", "storage_hash": "d26becbf46ac48eda79c7a39a13a02dd", "modified": "2013-09-27T11:57:39.048Z"}}, {"pk": 21, "model": "easy_thumbnails.thumbnail", "fields": {"source": 7, "name": "images\\Hydrangeas.jpg.800x600_q90_crop-(0, 0).jpg", "storage_hash": "d26becbf46ac48eda79c7a39a13a02dd", "modified": "2013-09-27T11:57:39.208Z"}}, {"pk": 22, "model": "easy_thumbnails.thumbnail", "fields": {"source": 7, "name": "images\\Hydrangeas.jpg.200x150_q70_crop-(0, 0).jpg", "storage_hash": "d26becbf46ac48eda79c7a39a13a02dd", "modified": "2013-09-27T11:57:39.290Z"}}, {"pk": 23, "model": "easy_thumbnails.thumbnail", "fields": {"source": 8, "name": "images\\Penguins.jpg.800x600_q90_crop-(0, 0).jpg", "storage_hash": "d26becbf46ac48eda79c7a39a13a02dd", "modified": "2013-09-27T11:57:39.455Z"}}, {"pk": 24, "model": "easy_thumbnails.thumbnail", "fields": {"source": 8, "name": "images\\Penguins.jpg.200x150_q70_crop-(0, 0).jpg", "storage_hash": "d26becbf46ac48eda79c7a39a13a02dd", "modified": "2013-09-27T11:57:39.538Z"}}, {"pk": 25, "model": "easy_thumbnails.thumbnail", "fields": {"source": 10, "name": "images\\Jellyfish.jpg.800x600_q90_crop-(0, 0).jpg", "storage_hash": "d26becbf46ac48eda79c7a39a13a02dd", "modified": "2013-09-27T11:57:39.701Z"}}, {"pk": 26, "model": "easy_thumbnails.thumbnail", "fields": {"source": 10, "name": "images\\Jellyfish.jpg.200x150_q70_crop-(0, 0).jpg", "storage_hash": "d26becbf46ac48eda79c7a39a13a02dd", "modified": "2013-09-27T11:57:39.785Z"}}, {"pk": 27, "model": "easy_thumbnails.thumbnail", "fields": {"source": 11, "name": "images\\Chrysanthemum.jpg.800x600_q90_crop-(0, 0).jpg", "storage_hash": "d26becbf46ac48eda79c7a39a13a02dd", "modified": "2013-09-27T11:57:39.959Z"}}, {"pk": 28, "model": "easy_thumbnails.thumbnail", "fields": {"source": 11, "name": "images\\Chrysanthemum.jpg.200x150_q70_crop-(0, 0).jpg", "storage_hash": "d26becbf46ac48eda79c7a39a13a02dd", "modified": "2013-09-27T11:57:40.045Z"}}, {"pk": 29, "model": "easy_thumbnails.thumbnail", "fields": {"source": 12, "name": "images\\cachorrodecego.jpg.800x600_q90_crop-(0, 0).jpg", "storage_hash": "d26becbf46ac48eda79c7a39a13a02dd", "modified": "2013-09-27T11:57:40.227Z"}}, {"pk": 30, "model": "easy_thumbnails.thumbnail", "fields": {"source": 12, "name": "images\\cachorrodecego.jpg.200x150_q70_crop-(0, 0).jpg", "storage_hash": "d26becbf46ac48eda79c7a39a13a02dd", "modified": "2013-09-27T11:57:40.343Z"}}, {"pk": 31, "model": "easy_thumbnails.thumbnail", "fields": {"source": 13, "name": "images\\aniver.jpg.800x600_q90_crop-(0, 0).jpg", "storage_hash": "d26becbf46ac48eda79c7a39a13a02dd", "modified": "2013-09-27T11:57:40.556Z"}}, {"pk": 32, "model": "easy_thumbnails.thumbnail", "fields": {"source": 13, "name": "images\\aniver.jpg.200x150_q70_crop-(0, 0).jpg", "storage_hash": "d26becbf46ac48eda79c7a39a13a02dd", "modified": "2013-09-27T11:57:40.681Z"}}, {"pk": 33, "model": "easy_thumbnails.thumbnail", "fields": {"source": 14, "name": "images\\JXSsGaK.jpg.800x600_q90_crop-(0, 0).jpg", "storage_hash": "d26becbf46ac48eda79c7a39a13a02dd", "modified": "2013-09-27T11:57:40.826Z"}}, {"pk": 34, "model": "easy_thumbnails.thumbnail", "fields": {"source": 14, "name": "images\\JXSsGaK.jpg.200x150_q70_crop-(0, 0).jpg", "storage_hash": "d26becbf46ac48eda79c7a39a13a02dd", "modified": "2013-09-27T11:57:40.897Z"}}, {"pk": 35, "model": "easy_thumbnails.thumbnail", "fields": {"source": 2, "name": "images\\0PVWvqD.jpg.200x150_q70_crop-(0, 0).jpg", "storage_hash": "d26becbf46ac48eda79c7a39a13a02dd", "modified": "2013-09-27T11:57:40.982Z"}}, {"pk": 36, "model": "easy_thumbnails.thumbnail", "fields": {"source": 3, "name": "images\\1235062_587142717991454_1604991782_n.jpg.200x150_q70_crop-(0, 0).jpg", "storage_hash": "d26becbf46ac48eda79c7a39a13a02dd", "modified": "2013-09-27T11:57:41.018Z"}}, {"pk": 37, "model": "easy_thumbnails.thumbnail", "fields": {"source": 6, "name": "images\\Desert.jpg.200x150_q70_crop-(0, 0).jpg", "storage_hash": "d26becbf46ac48eda79c7a39a13a02dd", "modified": "2013-09-27T11:57:41.108Z"}}, {"pk": 38, "model": "easy_thumbnails.thumbnail", "fields": {"source": 9, "name": "images\\Tulips.jpg.200x150_q70_crop-(0, 0).jpg", "storage_hash": "d26becbf46ac48eda79c7a39a13a02dd", "modified": "2013-09-27T11:57:41.190Z"}}, {"pk": 39, "model": "easy_thumbnails.thumbnail", "fields": {"source": 1, "name": "images\\935969_517876674972140_753039662_n.jpg.800x600_q90_crop-scale.jpg", "storage_hash": "d26becbf46ac48eda79c7a39a13a02dd", "modified": "2013-09-27T12:00:02.678Z"}}, {"pk": 40, "model": "easy_thumbnails.thumbnail", "fields": {"source": 1, "name": "images\\935969_517876674972140_753039662_n.jpg.200x150_q70_crop-smart.jpg", "storage_hash": "d26becbf46ac48eda79c7a39a13a02dd", "modified": "2013-09-27T12:00:02.727Z"}}, {"pk": 41, "model": "easy_thumbnails.thumbnail", "fields": {"source": 4, "name": "images\\1235062_587142717991454_1604991782_n_1.jpg.800x600_q90_crop-scale.jpg", "storage_hash": "d26becbf46ac48eda79c7a39a13a02dd", "modified": "2013-09-27T12:00:02.760Z"}}, {"pk": 42, "model": "easy_thumbnails.thumbnail", "fields": {"source": 4, "name": "images\\1235062_587142717991454_1604991782_n_1.jpg.200x150_q70_crop-smart.jpg", "storage_hash": "d26becbf46ac48eda79c7a39a13a02dd", "modified": "2013-09-27T12:00:02.798Z"}}, {"pk": 43, "model": "easy_thumbnails.thumbnail", "fields": {"source": 5, "name": "images\\carregadopracasa.jpg.800x600_q90_crop-scale.jpg", "storage_hash": "d26becbf46ac48eda79c7a39a13a02dd", "modified": "2013-09-27T12:00:02.850Z"}}, {"pk": 44, "model": "easy_thumbnails.thumbnail", "fields": {"source": 5, "name": "images\\carregadopracasa.jpg.200x150_q70_crop-smart.jpg", "storage_hash": "d26becbf46ac48eda79c7a39a13a02dd", "modified": "2013-09-27T12:00:02.911Z"}}, {"pk": 45, "model": "easy_thumbnails.thumbnail", "fields": {"source": 7, "name": "images\\Hydrangeas.jpg.800x600_q90_crop-scale.jpg", "storage_hash": "d26becbf46ac48eda79c7a39a13a02dd", "modified": "2013-09-27T12:00:03.073Z"}}, {"pk": 46, "model": "easy_thumbnails.thumbnail", "fields": {"source": 7, "name": "images\\Hydrangeas.jpg.200x150_q70_crop-smart.jpg", "storage_hash": "d26becbf46ac48eda79c7a39a13a02dd", "modified": "2013-09-27T12:00:03.154Z"}}, {"pk": 47, "model": "easy_thumbnails.thumbnail", "fields": {"source": 8, "name": "images\\Penguins.jpg.800x600_q90_crop-scale.jpg", "storage_hash": "d26becbf46ac48eda79c7a39a13a02dd", "modified": "2013-09-27T12:00:03.324Z"}}, {"pk": 48, "model": "easy_thumbnails.thumbnail", "fields": {"source": 8, "name": "images\\Penguins.jpg.200x150_q70_crop-smart.jpg", "storage_hash": "d26becbf46ac48eda79c7a39a13a02dd", "modified": "2013-09-27T12:00:03.406Z"}}, {"pk": 49, "model": "easy_thumbnails.thumbnail", "fields": {"source": 10, "name": "images\\Jellyfish.jpg.800x600_q90_crop-scale.jpg", "storage_hash": "d26becbf46ac48eda79c7a39a13a02dd", "modified": "2013-09-27T12:00:03.569Z"}}, {"pk": 50, "model": "easy_thumbnails.thumbnail", "fields": {"source": 10, "name": "images\\Jellyfish.jpg.200x150_q70_crop-smart.jpg", "storage_hash": "d26becbf46ac48eda79c7a39a13a02dd", "modified": "2013-09-27T12:00:03.655Z"}}, {"pk": 51, "model": "easy_thumbnails.thumbnail", "fields": {"source": 11, "name": "images\\Chrysanthemum.jpg.800x600_q90_crop-scale.jpg", "storage_hash": "d26becbf46ac48eda79c7a39a13a02dd", "modified": "2013-09-27T12:00:03.830Z"}}, {"pk": 52, "model": "easy_thumbnails.thumbnail", "fields": {"source": 11, "name": "images\\Chrysanthemum.jpg.200x150_q70_crop-smart.jpg", "storage_hash": "d26becbf46ac48eda79c7a39a13a02dd", "modified": "2013-09-27T12:00:03.916Z"}}, {"pk": 53, "model": "easy_thumbnails.thumbnail", "fields": {"source": 12, "name": "images\\cachorrodecego.jpg.800x600_q90_crop-scale.jpg", "storage_hash": "d26becbf46ac48eda79c7a39a13a02dd", "modified": "2013-09-27T12:00:04.098Z"}}, {"pk": 54, "model": "easy_thumbnails.thumbnail", "fields": {"source": 12, "name": "images\\cachorrodecego.jpg.200x150_q70_crop-smart.jpg", "storage_hash": "d26becbf46ac48eda79c7a39a13a02dd", "modified": "2013-09-27T12:00:04.212Z"}}, {"pk": 55, "model": "easy_thumbnails.thumbnail", "fields": {"source": 13, "name": "images\\aniver.jpg.800x600_q90_crop-scale.jpg", "storage_hash": "d26becbf46ac48eda79c7a39a13a02dd", "modified": "2013-09-27T12:00:04.427Z"}}, {"pk": 56, "model": "easy_thumbnails.thumbnail", "fields": {"source": 13, "name": "images\\aniver.jpg.200x150_q70_crop-smart.jpg", "storage_hash": "d26becbf46ac48eda79c7a39a13a02dd", "modified": "2013-09-27T12:00:04.554Z"}}, {"pk": 57, "model": "easy_thumbnails.thumbnail", "fields": {"source": 14, "name": "images\\JXSsGaK.jpg.800x600_q90_crop-scale.jpg", "storage_hash": "d26becbf46ac48eda79c7a39a13a02dd", "modified": "2013-09-27T12:00:04.696Z"}}, {"pk": 58, "model": "easy_thumbnails.thumbnail", "fields": {"source": 14, "name": "images\\JXSsGaK.jpg.200x150_q70_crop-smart.jpg", "storage_hash": "d26becbf46ac48eda79c7a39a13a02dd", "modified": "2013-09-27T12:00:04.762Z"}}, {"pk": 59, "model": "easy_thumbnails.thumbnail", "fields": {"source": 2, "name": "images\\0PVWvqD.jpg.200x150_q70_crop-smart.jpg", "storage_hash": "d26becbf46ac48eda79c7a39a13a02dd", "modified": "2013-09-27T12:00:04.844Z"}}, {"pk": 60, "model": "easy_thumbnails.thumbnail", "fields": {"source": 3, "name": "images\\1235062_587142717991454_1604991782_n.jpg.200x150_q70_crop-smart.jpg", "storage_hash": "d26becbf46ac48eda79c7a39a13a02dd", "modified": "2013-09-27T12:00:04.880Z"}}, {"pk": 61, "model": "easy_thumbnails.thumbnail", "fields": {"source": 6, "name": "images\\Desert.jpg.200x150_q70_crop-smart.jpg", "storage_hash": "d26becbf46ac48eda79c7a39a13a02dd", "modified": "2013-09-27T12:00:04.967Z"}}, {"pk": 62, "model": "easy_thumbnails.thumbnail", "fields": {"source": 9, "name": "images\\Tulips.jpg.200x150_q70_crop-smart.jpg", "storage_hash": "d26becbf46ac48eda79c7a39a13a02dd", "modified": "2013-09-27T12:00:05.055Z"}}, {"pk": 63, "model": "easy_thumbnails.thumbnail", "fields": {"source": 2, "name": "images\\0PVWvqD.jpg.800x600_q90_crop-scale.jpg", "storage_hash": "d26becbf46ac48eda79c7a39a13a02dd", "modified": "2013-09-27T12:00:45.921Z"}}, {"pk": 64, "model": "easy_thumbnails.thumbnail", "fields": {"source": 3, "name": "images\\1235062_587142717991454_1604991782_n.jpg.800x600_q90_crop-scale.jpg", "storage_hash": "d26becbf46ac48eda79c7a39a13a02dd", "modified": "2013-09-27T12:00:46.026Z"}}, {"pk": 65, "model": "easy_thumbnails.thumbnail", "fields": {"source": 6, "name": "images\\Desert.jpg.800x600_q90_crop-scale.jpg", "storage_hash": "d26becbf46ac48eda79c7a39a13a02dd", "modified": "2013-09-27T12:00:46.195Z"}}, {"pk": 66, "model": "easy_thumbnails.thumbnail", "fields": {"source": 9, "name": "images\\Tulips.jpg.800x600_q90_crop-scale.jpg", "storage_hash": "d26becbf46ac48eda79c7a39a13a02dd", "modified": "2013-09-27T12:00:46.361Z"}}, {"pk": 67, "model": "easy_thumbnails.thumbnail", "fields": {"source": 1, "name": "images\\935969_517876674972140_753039662_n.jpg.150x150_q70_crop-smart.jpg", "storage_hash": "d26becbf46ac48eda79c7a39a13a02dd", "modified": "2013-09-27T12:39:35.076Z"}}, {"pk": 68, "model": "easy_thumbnails.thumbnail", "fields": {"source": 8, "name": "images\\Penguins.jpg.150x150_q70_crop-smart.jpg", "storage_hash": "d26becbf46ac48eda79c7a39a13a02dd", "modified": "2013-09-27T12:39:35.165Z"}}, {"pk": 69, "model": "easy_thumbnails.thumbnail", "fields": {"source": 14, "name": "images\\JXSsGaK.jpg.150x150_q70_crop-smart.jpg", "storage_hash": "d26becbf46ac48eda79c7a39a13a02dd", "modified": "2013-09-27T12:39:35.236Z"}}, {"pk": 70, "model": "easy_thumbnails.thumbnail", "fields": {"source": 13, "name": "images\\aniver.jpg.150x150_q70_crop-smart.jpg", "storage_hash": "d26becbf46ac48eda79c7a39a13a02dd", "modified": "2013-09-27T12:39:35.410Z"}}, {"pk": 71, "model": "easy_thumbnails.thumbnail", "fields": {"source": 5, "name": "images\\carregadopracasa.jpg.150x150_q70_crop-smart.jpg", "storage_hash": "d26becbf46ac48eda79c7a39a13a02dd", "modified": "2013-09-27T12:39:35.465Z"}}, {"pk": 72, "model": "easy_thumbnails.thumbnail", "fields": {"source": 11, "name": "images\\Chrysanthemum.jpg.150x150_q70_crop-smart.jpg", "storage_hash": "d26becbf46ac48eda79c7a39a13a02dd", "modified": "2013-09-27T12:39:35.556Z"}}, {"pk": 73, "model": "easy_thumbnails.thumbnail", "fields": {"source": 7, "name": "images\\Hydrangeas.jpg.150x150_q70_crop-smart.jpg", "storage_hash": "d26becbf46ac48eda79c7a39a13a02dd", "modified": "2013-09-27T12:39:35.644Z"}}, {"pk": 74, "model": "easy_thumbnails.thumbnail", "fields": {"source": 4, "name": "images\\1235062_587142717991454_1604991782_n_1.jpg.150x150_q70_crop-smart.jpg", "storage_hash": "d26becbf46ac48eda79c7a39a13a02dd", "modified": "2013-09-27T12:39:35.686Z"}}, {"pk": 75, "model": "easy_thumbnails.thumbnail", "fields": {"source": 10, "name": "images\\Jellyfish.jpg.150x150_q70_crop-smart.jpg", "storage_hash": "d26becbf46ac48eda79c7a39a13a02dd", "modified": "2013-09-27T12:39:35.777Z"}}, {"pk": 76, "model": "easy_thumbnails.thumbnail", "fields": {"source": 12, "name": "images\\cachorrodecego.jpg.150x150_q70_crop-smart.jpg", "storage_hash": "d26becbf46ac48eda79c7a39a13a02dd", "modified": "2013-09-27T12:39:35.896Z"}}, {"pk": 77, "model": "easy_thumbnails.thumbnail", "fields": {"source": 6, "name": "images\\Desert.jpg.150x150_q70_crop-smart.jpg", "storage_hash": "d26becbf46ac48eda79c7a39a13a02dd", "modified": "2013-09-27T12:39:35.984Z"}}, {"pk": 78, "model": "easy_thumbnails.thumbnail", "fields": {"source": 9, "name": "images\\Tulips.jpg.150x150_q70_crop-smart.jpg", "storage_hash": "d26becbf46ac48eda79c7a39a13a02dd", "modified": "2013-09-27T12:39:36.074Z"}}, {"pk": 79, "model": "easy_thumbnails.thumbnail", "fields": {"source": 2, "name": "images\\0PVWvqD.jpg.150x150_q70_crop-smart.jpg", "storage_hash": "d26becbf46ac48eda79c7a39a13a02dd", "modified": "2013-09-27T12:39:36.170Z"}}, {"pk": 80, "model": "easy_thumbnails.thumbnail", "fields": {"source": 3, "name": "images\\1235062_587142717991454_1604991782_n.jpg.150x150_q70_crop-smart.jpg", "storage_hash": "d26becbf46ac48eda79c7a39a13a02dd", "modified": "2013-09-27T12:39:36.216Z"}}, {"pk": 81, "model": "easy_thumbnails.thumbnail", "fields": {"source": 5, "name": "images\\carregadopracasa.jpg.170x140_q70_crop-smart.jpg", "storage_hash": "d26becbf46ac48eda79c7a39a13a02dd", "modified": "2013-09-27T12:40:19.435Z"}}, {"pk": 82, "model": "easy_thumbnails.thumbnail", "fields": {"source": 8, "name": "images\\Penguins.jpg.170x140_q70_crop-smart.jpg", "storage_hash": "d26becbf46ac48eda79c7a39a13a02dd", "modified": "2013-09-27T12:40:19.539Z"}}, {"pk": 83, "model": "easy_thumbnails.thumbnail", "fields": {"source": 12, "name": "images\\cachorrodecego.jpg.170x140_q70_crop-smart.jpg", "storage_hash": "d26becbf46ac48eda79c7a39a13a02dd", "modified": "2013-09-27T12:40:19.642Z"}}, {"pk": 84, "model": "easy_thumbnails.thumbnail", "fields": {"source": 1, "name": "images\\935969_517876674972140_753039662_n.jpg.170x140_q70_crop-smart.jpg", "storage_hash": "d26becbf46ac48eda79c7a39a13a02dd", "modified": "2013-09-27T12:40:19.684Z"}}, {"pk": 85, "model": "easy_thumbnails.thumbnail", "fields": {"source": 11, "name": "images\\Chrysanthemum.jpg.170x140_q70_crop-smart.jpg", "storage_hash": "d26becbf46ac48eda79c7a39a13a02dd", "modified": "2013-09-27T12:40:19.794Z"}}, {"pk": 86, "model": "easy_thumbnails.thumbnail", "fields": {"source": 4, "name": "images\\1235062_587142717991454_1604991782_n_1.jpg.170x140_q70_crop-smart.jpg", "storage_hash": "d26becbf46ac48eda79c7a39a13a02dd", "modified": "2013-09-27T12:40:19.835Z"}}, {"pk": 87, "model": "easy_thumbnails.thumbnail", "fields": {"source": 13, "name": "images\\aniver.jpg.170x140_q70_crop-smart.jpg", "storage_hash": "d26becbf46ac48eda79c7a39a13a02dd", "modified": "2013-09-27T12:40:20.026Z"}}, {"pk": 88, "model": "easy_thumbnails.thumbnail", "fields": {"source": 7, "name": "images\\Hydrangeas.jpg.170x140_q70_crop-smart.jpg", "storage_hash": "d26becbf46ac48eda79c7a39a13a02dd", "modified": "2013-09-27T12:40:20.129Z"}}, {"pk": 89, "model": "easy_thumbnails.thumbnail", "fields": {"source": 14, "name": "images\\JXSsGaK.jpg.170x140_q70_crop-smart.jpg", "storage_hash": "d26becbf46ac48eda79c7a39a13a02dd", "modified": "2013-09-27T12:40:20.210Z"}}, {"pk": 90, "model": "easy_thumbnails.thumbnail", "fields": {"source": 10, "name": "images\\Jellyfish.jpg.170x140_q70_crop-smart.jpg", "storage_hash": "d26becbf46ac48eda79c7a39a13a02dd", "modified": "2013-09-27T12:40:20.317Z"}}, {"pk": 91, "model": "easy_thumbnails.thumbnail", "fields": {"source": 2, "name": "images\\0PVWvqD.jpg.170x140_q70_crop-smart.jpg", "storage_hash": "d26becbf46ac48eda79c7a39a13a02dd", "modified": "2013-09-27T12:40:20.395Z"}}, {"pk": 92, "model": "easy_thumbnails.thumbnail", "fields": {"source": 9, "name": "images\\Tulips.jpg.170x140_q70_crop-smart.jpg", "storage_hash": "d26becbf46ac48eda79c7a39a13a02dd", "modified": "2013-09-27T12:40:20.496Z"}}, {"pk": 93, "model": "easy_thumbnails.thumbnail", "fields": {"source": 6, "name": "images\\Desert.jpg.170x140_q70_crop-smart.jpg", "storage_hash": "d26becbf46ac48eda79c7a39a13a02dd", "modified": "2013-09-27T12:40:20.601Z"}}, {"pk": 94, "model": "easy_thumbnails.thumbnail", "fields": {"source": 3, "name": "images\\1235062_587142717991454_1604991782_n.jpg.170x140_q70_crop-smart.jpg", "storage_hash": "d26becbf46ac48eda79c7a39a13a02dd", "modified": "2013-09-27T12:40:20.641Z"}}, {"pk": 95, "model": "easy_thumbnails.thumbnail", "fields": {"source": 13, "name": "images\\aniver.jpg.150x140_q70_crop-smart.jpg", "storage_hash": "d26becbf46ac48eda79c7a39a13a02dd", "modified": "2013-09-27T12:42:40.592Z"}}, {"pk": 96, "model": "easy_thumbnails.thumbnail", "fields": {"source": 5, "name": "images\\carregadopracasa.jpg.150x140_q70_crop-smart.jpg", "storage_hash": "d26becbf46ac48eda79c7a39a13a02dd", "modified": "2013-09-27T12:42:40.652Z"}}, {"pk": 97, "model": "easy_thumbnails.thumbnail", "fields": {"source": 4, "name": "images\\1235062_587142717991454_1604991782_n_1.jpg.150x140_q70_crop-smart.jpg", "storage_hash": "d26becbf46ac48eda79c7a39a13a02dd", "modified": "2013-09-27T12:42:40.692Z"}}, {"pk": 98, "model": "easy_thumbnails.thumbnail", "fields": {"source": 12, "name": "images\\cachorrodecego.jpg.150x140_q70_crop-smart.jpg", "storage_hash": "d26becbf46ac48eda79c7a39a13a02dd", "modified": "2013-09-27T12:42:40.792Z"}}, {"pk": 99, "model": "easy_thumbnails.thumbnail", "fields": {"source": 10, "name": "images\\Jellyfish.jpg.150x140_q70_crop-smart.jpg", "storage_hash": "d26becbf46ac48eda79c7a39a13a02dd", "modified": "2013-09-27T12:42:40.899Z"}}, {"pk": 100, "model": "easy_thumbnails.thumbnail", "fields": {"source": 8, "name": "images\\Penguins.jpg.150x140_q70_crop-smart.jpg", "storage_hash": "d26becbf46ac48eda79c7a39a13a02dd", "modified": "2013-09-27T12:42:41.030Z"}}, {"pk": 101, "model": "easy_thumbnails.thumbnail", "fields": {"source": 7, "name": "images\\Hydrangeas.jpg.150x140_q70_crop-smart.jpg", "storage_hash": "d26becbf46ac48eda79c7a39a13a02dd", "modified": "2013-09-27T12:42:41.133Z"}}, {"pk": 102, "model": "easy_thumbnails.thumbnail", "fields": {"source": 14, "name": "images\\JXSsGaK.jpg.150x140_q70_crop-smart.jpg", "storage_hash": "d26becbf46ac48eda79c7a39a13a02dd", "modified": "2013-09-27T12:42:41.219Z"}}, {"pk": 103, "model": "easy_thumbnails.thumbnail", "fields": {"source": 11, "name": "images\\Chrysanthemum.jpg.150x140_q70_crop-smart.jpg", "storage_hash": "d26becbf46ac48eda79c7a39a13a02dd", "modified": "2013-09-27T12:42:41.323Z"}}, {"pk": 104, "model": "easy_thumbnails.thumbnail", "fields": {"source": 1, "name": "images\\935969_517876674972140_753039662_n.jpg.150x140_q70_crop-smart.jpg", "storage_hash": "d26becbf46ac48eda79c7a39a13a02dd", "modified": "2013-09-27T12:42:41.363Z"}}, {"pk": 105, "model": "easy_thumbnails.thumbnail", "fields": {"source": 6, "name": "images\\Desert.jpg.150x140_q70_crop-smart.jpg", "storage_hash": "d26becbf46ac48eda79c7a39a13a02dd", "modified": "2013-09-27T12:42:41.469Z"}}, {"pk": 106, "model": "easy_thumbnails.thumbnail", "fields": {"source": 2, "name": "images\\0PVWvqD.jpg.150x140_q70_crop-smart.jpg", "storage_hash": "d26becbf46ac48eda79c7a39a13a02dd", "modified": "2013-09-27T12:42:41.550Z"}}, {"pk": 107, "model": "easy_thumbnails.thumbnail", "fields": {"source": 3, "name": "images\\1235062_587142717991454_1604991782_n.jpg.150x140_q70_crop-smart.jpg", "storage_hash": "d26becbf46ac48eda79c7a39a13a02dd", "modified": "2013-09-27T12:42:41.589Z"}}, {"pk": 108, "model": "easy_thumbnails.thumbnail", "fields": {"source": 9, "name": "images\\Tulips.jpg.150x140_q70_crop-smart.jpg", "storage_hash": "d26becbf46ac48eda79c7a39a13a02dd", "modified": "2013-09-27T12:42:41.698Z"}}, {"pk": 109, "model": "easy_thumbnails.thumbnail", "fields": {"source": 15, "name": "images\\2.JPG.150x140_q70_crop-smart.jpg", "storage_hash": "d26becbf46ac48eda79c7a39a13a02dd", "modified": "2013-10-08T12:59:58.286Z"}}, {"pk": 110, "model": "easy_thumbnails.thumbnail", "fields": {"source": 15, "name": "images\\2.JPG.800x600_q90_crop-scale.jpg", "storage_hash": "d26becbf46ac48eda79c7a39a13a02dd", "modified": "2013-10-08T12:59:58.505Z"}}, {"pk": 111, "model": "easy_thumbnails.thumbnail", "fields": {"source": 16, "name": "images\\3.jpg.150x140_q70_crop-smart.jpg", "storage_hash": "d26becbf46ac48eda79c7a39a13a02dd", "modified": "2013-10-08T13:00:03.589Z"}}, {"pk": 112, "model": "easy_thumbnails.thumbnail", "fields": {"source": 16, "name": "images\\3.jpg.800x600_q90_crop-scale.jpg", "storage_hash": "d26becbf46ac48eda79c7a39a13a02dd", "modified": "2013-10-08T13:00:03.823Z"}}, {"pk": 113, "model": "easy_thumbnails.thumbnail", "fields": {"source": 17, "name": "images\\4.JPG.150x140_q70_crop-smart.jpg", "storage_hash": "d26becbf46ac48eda79c7a39a13a02dd", "modified": "2013-10-08T13:00:10.392Z"}}, {"pk": 114, "model": "easy_thumbnails.thumbnail", "fields": {"source": 17, "name": "images\\4.JPG.800x600_q90_crop-scale.jpg", "storage_hash": "d26becbf46ac48eda79c7a39a13a02dd", "modified": "2013-10-08T13:00:10.651Z"}}, {"pk": 115, "model": "easy_thumbnails.thumbnail", "fields": {"source": 18, "name": "images\\5.jpg.150x140_q70_crop-smart.jpg", "storage_hash": "d26becbf46ac48eda79c7a39a13a02dd", "modified": "2013-10-08T13:00:15.142Z"}}, {"pk": 116, "model": "easy_thumbnails.thumbnail", "fields": {"source": 18, "name": "images\\5.jpg.800x600_q90_crop-scale.jpg", "storage_hash": "d26becbf46ac48eda79c7a39a13a02dd", "modified": "2013-10-08T13:00:15.371Z"}}, {"pk": 117, "model": "easy_thumbnails.thumbnail", "fields": {"source": 19, "name": "images\\7.JPG.150x140_q70_crop-smart.jpg", "storage_hash": "d26becbf46ac48eda79c7a39a13a02dd", "modified": "2013-10-08T13:00:29.190Z"}}, {"pk": 118, "model": "easy_thumbnails.thumbnail", "fields": {"source": 19, "name": "images\\7.JPG.800x600_q90_crop-scale.jpg", "storage_hash": "d26becbf46ac48eda79c7a39a13a02dd", "modified": "2013-10-08T13:00:29.826Z"}}, {"pk": 119, "model": "easy_thumbnails.thumbnail", "fields": {"source": 20, "name": "images\\10.JPG.150x140_q70_crop-smart.jpg", "storage_hash": "d26becbf46ac48eda79c7a39a13a02dd", "modified": "2013-10-08T13:00:39.796Z"}}, {"pk": 120, "model": "easy_thumbnails.thumbnail", "fields": {"source": 20, "name": "images\\10.JPG.800x600_q90_crop-scale.jpg", "storage_hash": "d26becbf46ac48eda79c7a39a13a02dd", "modified": "2013-10-08T13:00:40.383Z"}}, {"pk": 121, "model": "easy_thumbnails.thumbnail", "fields": {"source": 21, "name": "images\\15.JPG.150x140_q70_crop-smart.jpg", "storage_hash": "d26becbf46ac48eda79c7a39a13a02dd", "modified": "2013-10-08T13:00:48.324Z"}}, {"pk": 122, "model": "easy_thumbnails.thumbnail", "fields": {"source": 21, "name": "images\\15.JPG.800x600_q90_crop-scale.jpg", "storage_hash": "d26becbf46ac48eda79c7a39a13a02dd", "modified": "2013-10-08T13:00:48.764Z"}}, {"pk": 123, "model": "easy_thumbnails.thumbnail", "fields": {"source": 22, "name": "images\\18.JPG.150x140_q70_crop-smart.jpg", "storage_hash": "d26becbf46ac48eda79c7a39a13a02dd", "modified": "2013-10-08T13:00:56.314Z"}}, {"pk": 124, "model": "easy_thumbnails.thumbnail", "fields": {"source": 22, "name": "images\\18.JPG.800x600_q90_crop-scale.jpg", "storage_hash": "d26becbf46ac48eda79c7a39a13a02dd", "modified": "2013-10-08T13:00:56.763Z"}}, {"pk": 125, "model": "easy_thumbnails.thumbnail", "fields": {"source": 23, "name": "images\\19.jpg.150x140_q70_crop-smart.jpg", "storage_hash": "d26becbf46ac48eda79c7a39a13a02dd", "modified": "2013-10-08T13:01:03.155Z"}}, {"pk": 126, "model": "easy_thumbnails.thumbnail", "fields": {"source": 23, "name": "images\\19.jpg.800x600_q90_crop-scale.jpg", "storage_hash": "d26becbf46ac48eda79c7a39a13a02dd", "modified": "2013-10-08T13:01:03.494Z"}}, {"pk": 127, "model": "easy_thumbnails.thumbnail", "fields": {"source": 24, "name": "images\\20.JPG.150x140_q70_crop-smart.jpg", "storage_hash": "d26becbf46ac48eda79c7a39a13a02dd", "modified": "2013-10-08T13:01:10.513Z"}}, {"pk": 128, "model": "easy_thumbnails.thumbnail", "fields": {"source": 24, "name": "images\\20.JPG.800x600_q90_crop-scale.jpg", "storage_hash": "d26becbf46ac48eda79c7a39a13a02dd", "modified": "2013-10-08T13:01:10.760Z"}}, {"pk": 129, "model": "easy_thumbnails.thumbnail", "fields": {"source": 25, "name": "images\\22.JPG.150x140_q70_crop-smart.jpg", "storage_hash": "d26becbf46ac48eda79c7a39a13a02dd", "modified": "2013-10-08T13:01:16.945Z"}}, {"pk": 130, "model": "easy_thumbnails.thumbnail", "fields": {"source": 25, "name": "images\\22.JPG.800x600_q90_crop-scale.jpg", "storage_hash": "d26becbf46ac48eda79c7a39a13a02dd", "modified": "2013-10-08T13:01:17.392Z"}}, {"pk": 131, "model": "easy_thumbnails.thumbnail", "fields": {"source": 26, "name": "images\\26.JPG.150x140_q70_crop-smart.jpg", "storage_hash": "d26becbf46ac48eda79c7a39a13a02dd", "modified": "2013-10-08T13:01:27.580Z"}}, {"pk": 132, "model": "easy_thumbnails.thumbnail", "fields": {"source": 26, "name": "images\\26.JPG.800x600_q90_crop-scale.jpg", "storage_hash": "d26becbf46ac48eda79c7a39a13a02dd", "modified": "2013-10-08T13:01:28.113Z"}}, {"pk": 133, "model": "easy_thumbnails.thumbnail", "fields": {"source": 27, "name": "images\\29.JPG.150x140_q70_crop-smart.jpg", "storage_hash": "d26becbf46ac48eda79c7a39a13a02dd", "modified": "2013-10-08T13:01:34.882Z"}}, {"pk": 134, "model": "easy_thumbnails.thumbnail", "fields": {"source": 27, "name": "images\\29.JPG.800x600_q90_crop-scale.jpg", "storage_hash": "d26becbf46ac48eda79c7a39a13a02dd", "modified": "2013-10-08T13:01:35.343Z"}}, {"pk": 135, "model": "easy_thumbnails.thumbnail", "fields": {"source": 28, "name": "images\\31.jpg.150x140_q70_crop-smart.jpg", "storage_hash": "d26becbf46ac48eda79c7a39a13a02dd", "modified": "2013-10-08T13:01:42.704Z"}}, {"pk": 136, "model": "easy_thumbnails.thumbnail", "fields": {"source": 28, "name": "images\\31.jpg.800x600_q90_crop-scale.jpg", "storage_hash": "d26becbf46ac48eda79c7a39a13a02dd", "modified": "2013-10-08T13:01:43.507Z"}}, {"pk": 137, "model": "easy_thumbnails.thumbnail", "fields": {"source": 29, "name": "images\\32.JPG.150x140_q70_crop-smart.jpg", "storage_hash": "d26becbf46ac48eda79c7a39a13a02dd", "modified": "2013-10-08T13:01:49.544Z"}}, {"pk": 138, "model": "easy_thumbnails.thumbnail", "fields": {"source": 29, "name": "images\\32.JPG.800x600_q90_crop-scale.jpg", "storage_hash": "d26becbf46ac48eda79c7a39a13a02dd", "modified": "2013-10-08T13:01:49.704Z"}}, {"pk": 139, "model": "easy_thumbnails.thumbnail", "fields": {"source": 30, "name": "images\\33.JPG.150x140_q70_crop-smart.jpg", "storage_hash": "d26becbf46ac48eda79c7a39a13a02dd", "modified": "2013-10-08T13:02:38.032Z"}}, {"pk": 140, "model": "easy_thumbnails.thumbnail", "fields": {"source": 30, "name": "images\\33.JPG.800x600_q90_crop-scale.jpg", "storage_hash": "d26becbf46ac48eda79c7a39a13a02dd", "modified": "2013-10-08T13:02:38.196Z"}}, {"pk": 141, "model": "easy_thumbnails.thumbnail", "fields": {"source": 31, "name": "images\\36.JPG.150x140_q70_crop-smart.jpg", "storage_hash": "d26becbf46ac48eda79c7a39a13a02dd", "modified": "2013-10-08T13:02:45.606Z"}}, {"pk": 142, "model": "easy_thumbnails.thumbnail", "fields": {"source": 31, "name": "images\\36.JPG.800x600_q90_crop-scale.jpg", "storage_hash": "d26becbf46ac48eda79c7a39a13a02dd", "modified": "2013-10-08T13:02:46.153Z"}}, {"pk": 143, "model": "easy_thumbnails.thumbnail", "fields": {"source": 32, "name": "images\\38.jpg.150x140_q70_crop-smart.jpg", "storage_hash": "d26becbf46ac48eda79c7a39a13a02dd", "modified": "2013-10-08T13:03:01.444Z"}}, {"pk": 144, "model": "easy_thumbnails.thumbnail", "fields": {"source": 32, "name": "images\\38.jpg.800x600_q90_crop-scale.jpg", "storage_hash": "d26becbf46ac48eda79c7a39a13a02dd", "modified": "2013-10-08T13:03:01.589Z"}}, {"pk": 145, "model": "easy_thumbnails.thumbnail", "fields": {"source": 33, "name": "images\\42.JPG.150x140_q70_crop-smart.jpg", "storage_hash": "d26becbf46ac48eda79c7a39a13a02dd", "modified": "2013-10-08T13:03:08.626Z"}}, {"pk": 146, "model": "easy_thumbnails.thumbnail", "fields": {"source": 33, "name": "images\\42.JPG.800x600_q90_crop-scale.jpg", "storage_hash": "d26becbf46ac48eda79c7a39a13a02dd", "modified": "2013-10-08T13:03:08.869Z"}}, {"pk": 147, "model": "easy_thumbnails.thumbnail", "fields": {"source": 34, "name": "images\\46.JPG.150x140_q70_crop-smart.jpg", "storage_hash": "d26becbf46ac48eda79c7a39a13a02dd", "modified": "2013-10-08T13:03:20.749Z"}}, {"pk": 148, "model": "easy_thumbnails.thumbnail", "fields": {"source": 34, "name": "images\\46.JPG.800x600_q90_crop-scale.jpg", "storage_hash": "d26becbf46ac48eda79c7a39a13a02dd", "modified": "2013-10-08T13:03:21.704Z"}}, {"pk": 149, "model": "easy_thumbnails.thumbnail", "fields": {"source": 35, "name": "images\\47.JPG.150x140_q70_crop-smart.jpg", "storage_hash": "d26becbf46ac48eda79c7a39a13a02dd", "modified": "2013-10-08T13:03:29.713Z"}}, {"pk": 150, "model": "easy_thumbnails.thumbnail", "fields": {"source": 35, "name": "images\\47.JPG.800x600_q90_crop-scale.jpg", "storage_hash": "d26becbf46ac48eda79c7a39a13a02dd", "modified": "2013-10-08T13:03:30.659Z"}}, {"pk": 151, "model": "easy_thumbnails.thumbnail", "fields": {"source": 36, "name": "images\\48.JPG.150x140_q70_crop-smart.jpg", "storage_hash": "d26becbf46ac48eda79c7a39a13a02dd", "modified": "2013-10-08T13:03:38.018Z"}}, {"pk": 152, "model": "easy_thumbnails.thumbnail", "fields": {"source": 36, "name": "images\\48.JPG.800x600_q90_crop-scale.jpg", "storage_hash": "d26becbf46ac48eda79c7a39a13a02dd", "modified": "2013-10-08T13:03:38.966Z"}}, {"pk": 153, "model": "easy_thumbnails.thumbnail", "fields": {"source": 37, "name": "images\\49.jpg.150x140_q70_crop-smart.jpg", "storage_hash": "d26becbf46ac48eda79c7a39a13a02dd", "modified": "2013-10-08T13:03:47.308Z"}}, {"pk": 154, "model": "easy_thumbnails.thumbnail", "fields": {"source": 37, "name": "images\\49.jpg.800x600_q90_crop-scale.jpg", "storage_hash": "d26becbf46ac48eda79c7a39a13a02dd", "modified": "2013-10-08T13:03:47.656Z"}}, {"pk": 155, "model": "easy_thumbnails.thumbnail", "fields": {"source": 38, "name": "images\\50.jpg.150x140_q70_crop-smart.jpg", "storage_hash": "d26becbf46ac48eda79c7a39a13a02dd", "modified": "2013-10-08T13:03:54.675Z"}}, {"pk": 156, "model": "easy_thumbnails.thumbnail", "fields": {"source": 38, "name": "images\\50.jpg.800x600_q90_crop-scale.jpg", "storage_hash": "d26becbf46ac48eda79c7a39a13a02dd", "modified": "2013-10-08T13:03:55.015Z"}}, {"pk": 157, "model": "easy_thumbnails.thumbnail", "fields": {"source": 39, "name": "images\\52.JPG.150x140_q70_crop-smart.jpg", "storage_hash": "d26becbf46ac48eda79c7a39a13a02dd", "modified": "2013-10-08T13:04:02.154Z"}}, {"pk": 158, "model": "easy_thumbnails.thumbnail", "fields": {"source": 39, "name": "images\\52.JPG.800x600_q90_crop-scale.jpg", "storage_hash": "d26becbf46ac48eda79c7a39a13a02dd", "modified": "2013-10-08T13:04:02.618Z"}}, {"pk": 159, "model": "easy_thumbnails.thumbnail", "fields": {"source": 40, "name": "images\\54.JPG.150x140_q70_crop-smart.jpg", "storage_hash": "d26becbf46ac48eda79c7a39a13a02dd", "modified": "2013-10-08T13:04:08.340Z"}}, {"pk": 160, "model": "easy_thumbnails.thumbnail", "fields": {"source": 40, "name": "images\\54.JPG.800x600_q90_crop-scale.jpg", "storage_hash": "d26becbf46ac48eda79c7a39a13a02dd", "modified": "2013-10-08T13:04:08.813Z"}}, {"pk": 161, "model": "easy_thumbnails.thumbnail", "fields": {"source": 41, "name": "images\\57.JPG.150x140_q70_crop-smart.jpg", "storage_hash": "d26becbf46ac48eda79c7a39a13a02dd", "modified": "2013-10-08T13:04:48.884Z"}}, {"pk": 162, "model": "easy_thumbnails.thumbnail", "fields": {"source": 41, "name": "images\\57.JPG.800x600_q90_crop-scale.jpg", "storage_hash": "d26becbf46ac48eda79c7a39a13a02dd", "modified": "2013-10-08T13:04:49.099Z"}}, {"pk": 163, "model": "easy_thumbnails.thumbnail", "fields": {"source": 42, "name": "images\\63.JPG.150x140_q70_crop-smart.jpg", "storage_hash": "d26becbf46ac48eda79c7a39a13a02dd", "modified": "2013-10-08T13:04:57.969Z"}}, {"pk": 164, "model": "easy_thumbnails.thumbnail", "fields": {"source": 42, "name": "images\\63.JPG.800x600_q90_crop-scale.jpg", "storage_hash": "d26becbf46ac48eda79c7a39a13a02dd", "modified": "2013-10-08T13:04:58.124Z"}}, {"pk": 165, "model": "easy_thumbnails.thumbnail", "fields": {"source": 43, "name": "images\\68.jpg.150x140_q70_crop-smart.jpg", "storage_hash": "d26becbf46ac48eda79c7a39a13a02dd", "modified": "2013-10-08T13:05:05.250Z"}}, {"pk": 166, "model": "easy_thumbnails.thumbnail", "fields": {"source": 43, "name": "images\\68.jpg.800x600_q90_crop-scale.jpg", "storage_hash": "d26becbf46ac48eda79c7a39a13a02dd", "modified": "2013-10-08T13:05:05.820Z"}}, {"pk": 167, "model": "easy_thumbnails.thumbnail", "fields": {"source": 44, "name": "images\\69.jpg.150x140_q70_crop-smart.jpg", "storage_hash": "d26becbf46ac48eda79c7a39a13a02dd", "modified": "2013-10-08T13:05:16.452Z"}}, {"pk": 168, "model": "easy_thumbnails.thumbnail", "fields": {"source": 44, "name": "images\\69.jpg.800x600_q90_crop-scale.jpg", "storage_hash": "d26becbf46ac48eda79c7a39a13a02dd", "modified": "2013-10-08T13:05:17.024Z"}}, {"pk": 169, "model": "easy_thumbnails.thumbnail", "fields": {"source": 45, "name": "images\\01.JPG.150x140_q70_crop-smart.jpg", "storage_hash": "d26becbf46ac48eda79c7a39a13a02dd", "modified": "2013-10-08T13:06:24.150Z"}}, {"pk": 170, "model": "easy_thumbnails.thumbnail", "fields": {"source": 45, "name": "images\\01.JPG.800x600_q90_crop-scale.jpg", "storage_hash": "d26becbf46ac48eda79c7a39a13a02dd", "modified": "2013-10-08T13:06:24.611Z"}}, {"pk": 171, "model": "easy_thumbnails.thumbnail", "fields": {"source": 46, "name": "images\\03.JPG.150x140_q70_crop-smart.jpg", "storage_hash": "d26becbf46ac48eda79c7a39a13a02dd", "modified": "2013-10-08T13:06:31.492Z"}}, {"pk": 172, "model": "easy_thumbnails.thumbnail", "fields": {"source": 46, "name": "images\\03.JPG.800x600_q90_crop-scale.jpg", "storage_hash": "d26becbf46ac48eda79c7a39a13a02dd", "modified": "2013-10-08T13:06:31.959Z"}}, {"pk": 173, "model": "easy_thumbnails.thumbnail", "fields": {"source": 47, "name": "images\\07.jpg.150x140_q70_crop-smart.jpg", "storage_hash": "d26becbf46ac48eda79c7a39a13a02dd", "modified": "2013-10-08T13:06:39.053Z"}}, {"pk": 174, "model": "easy_thumbnails.thumbnail", "fields": {"source": 47, "name": "images\\07.jpg.800x600_q90_crop-scale.jpg", "storage_hash": "d26becbf46ac48eda79c7a39a13a02dd", "modified": "2013-10-08T13:06:40.090Z"}}, {"pk": 175, "model": "easy_thumbnails.thumbnail", "fields": {"source": 48, "name": "images\\08.jpg.150x140_q70_crop-smart.jpg", "storage_hash": "d26becbf46ac48eda79c7a39a13a02dd", "modified": "2013-10-08T13:06:49.845Z"}}, {"pk": 176, "model": "easy_thumbnails.thumbnail", "fields": {"source": 48, "name": "images\\08.jpg.800x600_q90_crop-scale.jpg", "storage_hash": "d26becbf46ac48eda79c7a39a13a02dd", "modified": "2013-10-08T13:06:50.217Z"}}, {"pk": 177, "model": "easy_thumbnails.thumbnail", "fields": {"source": 49, "name": "images\\09.jpg.150x140_q70_crop-smart.jpg", "storage_hash": "d26becbf46ac48eda79c7a39a13a02dd", "modified": "2013-10-08T13:06:56.569Z"}}, {"pk": 178, "model": "easy_thumbnails.thumbnail", "fields": {"source": 49, "name": "images\\09.jpg.800x600_q90_crop-scale.jpg", "storage_hash": "d26becbf46ac48eda79c7a39a13a02dd", "modified": "2013-10-08T13:06:56.943Z"}}, {"pk": 179, "model": "easy_thumbnails.thumbnail", "fields": {"source": 50, "name": "images\\10_1.JPG.150x140_q70_crop-smart.jpg", "storage_hash": "d26becbf46ac48eda79c7a39a13a02dd", "modified": "2013-10-08T13:07:05.291Z"}}, {"pk": 180, "model": "easy_thumbnails.thumbnail", "fields": {"source": 50, "name": "images\\10_1.JPG.800x600_q90_crop-scale.jpg", "storage_hash": "d26becbf46ac48eda79c7a39a13a02dd", "modified": "2013-10-08T13:07:05.632Z"}}, {"pk": 181, "model": "easy_thumbnails.thumbnail", "fields": {"source": 51, "name": "images\\11.JPG.150x140_q70_crop-smart.jpg", "storage_hash": "d26becbf46ac48eda79c7a39a13a02dd", "modified": "2013-10-08T13:07:14.177Z"}}, {"pk": 182, "model": "easy_thumbnails.thumbnail", "fields": {"source": 51, "name": "images\\11.JPG.800x600_q90_crop-scale.jpg", "storage_hash": "d26becbf46ac48eda79c7a39a13a02dd", "modified": "2013-10-08T13:07:14.531Z"}}, {"pk": 183, "model": "easy_thumbnails.thumbnail", "fields": {"source": 52, "name": "images\\12.JPG.150x140_q70_crop-smart.jpg", "storage_hash": "d26becbf46ac48eda79c7a39a13a02dd", "modified": "2013-10-08T13:07:22.575Z"}}, {"pk": 184, "model": "easy_thumbnails.thumbnail", "fields": {"source": 52, "name": "images\\12.JPG.800x600_q90_crop-scale.jpg", "storage_hash": "d26becbf46ac48eda79c7a39a13a02dd", "modified": "2013-10-08T13:07:22.611Z"}}, {"pk": 185, "model": "easy_thumbnails.thumbnail", "fields": {"source": 53, "name": "images\\13.JPG.150x140_q70_crop-smart.jpg", "storage_hash": "d26becbf46ac48eda79c7a39a13a02dd", "modified": "2013-10-08T13:07:29.665Z"}}, {"pk": 186, "model": "easy_thumbnails.thumbnail", "fields": {"source": 53, "name": "images\\13.JPG.800x600_q90_crop-scale.jpg", "storage_hash": "d26becbf46ac48eda79c7a39a13a02dd", "modified": "2013-10-08T13:07:30.724Z"}}, {"pk": 187, "model": "easy_thumbnails.thumbnail", "fields": {"source": 54, "name": "images\\15_1.JPG.150x140_q70_crop-smart.jpg", "storage_hash": "d26becbf46ac48eda79c7a39a13a02dd", "modified": "2013-10-08T13:07:39.944Z"}}, {"pk": 188, "model": "easy_thumbnails.thumbnail", "fields": {"source": 54, "name": "images\\15_1.JPG.800x600_q90_crop-scale.jpg", "storage_hash": "d26becbf46ac48eda79c7a39a13a02dd", "modified": "2013-10-08T13:07:40.348Z"}}, {"pk": 189, "model": "easy_thumbnails.thumbnail", "fields": {"source": 55, "name": "images\\16.JPG.150x140_q70_crop-smart.jpg", "storage_hash": "d26becbf46ac48eda79c7a39a13a02dd", "modified": "2013-10-08T13:08:03.251Z"}}, {"pk": 190, "model": "easy_thumbnails.thumbnail", "fields": {"source": 55, "name": "images\\16.JPG.800x600_q90_crop-scale.jpg", "storage_hash": "d26becbf46ac48eda79c7a39a13a02dd", "modified": "2013-10-08T13:08:03.640Z"}}, {"pk": 191, "model": "easy_thumbnails.thumbnail", "fields": {"source": 56, "name": "images\\18_1.jpg.150x140_q70_crop-smart.jpg", "storage_hash": "d26becbf46ac48eda79c7a39a13a02dd", "modified": "2013-10-08T13:08:10.991Z"}}, {"pk": 192, "model": "easy_thumbnails.thumbnail", "fields": {"source": 56, "name": "images\\18_1.jpg.800x600_q90_crop-scale.jpg", "storage_hash": "d26becbf46ac48eda79c7a39a13a02dd", "modified": "2013-10-08T13:08:11.761Z"}}, {"pk": 193, "model": "easy_thumbnails.thumbnail", "fields": {"source": 57, "name": "images\\19_1.JPG.150x140_q70_crop-smart.jpg", "storage_hash": "d26becbf46ac48eda79c7a39a13a02dd", "modified": "2013-10-08T13:08:21.374Z"}}, {"pk": 194, "model": "easy_thumbnails.thumbnail", "fields": {"source": 57, "name": "images\\19_1.JPG.800x600_q90_crop-scale.jpg", "storage_hash": "d26becbf46ac48eda79c7a39a13a02dd", "modified": "2013-10-08T13:08:21.761Z"}}, {"pk": 195, "model": "easy_thumbnails.thumbnail", "fields": {"source": 58, "name": "images\\20_1.JPG.150x140_q70_crop-smart.jpg", "storage_hash": "d26becbf46ac48eda79c7a39a13a02dd", "modified": "2013-10-08T13:08:32.685Z"}}, {"pk": 196, "model": "easy_thumbnails.thumbnail", "fields": {"source": 58, "name": "images\\20_1.JPG.800x600_q90_crop-scale.jpg", "storage_hash": "d26becbf46ac48eda79c7a39a13a02dd", "modified": "2013-10-08T13:08:33.072Z"}}, {"pk": 197, "model": "easy_thumbnails.thumbnail", "fields": {"source": 59, "name": "images\\22_1.JPG.150x140_q70_crop-smart.jpg", "storage_hash": "d26becbf46ac48eda79c7a39a13a02dd", "modified": "2013-10-08T13:08:41.771Z"}}, {"pk": 198, "model": "easy_thumbnails.thumbnail", "fields": {"source": 59, "name": "images\\22_1.JPG.800x600_q90_crop-scale.jpg", "storage_hash": "d26becbf46ac48eda79c7a39a13a02dd", "modified": "2013-10-08T13:08:42.158Z"}}, {"pk": 199, "model": "easy_thumbnails.thumbnail", "fields": {"source": 60, "name": "images\\24.JPG.150x140_q70_crop-smart.jpg", "storage_hash": "d26becbf46ac48eda79c7a39a13a02dd", "modified": "2013-10-08T13:08:48.648Z"}}, {"pk": 200, "model": "easy_thumbnails.thumbnail", "fields": {"source": 60, "name": "images\\24.JPG.800x600_q90_crop-scale.jpg", "storage_hash": "d26becbf46ac48eda79c7a39a13a02dd", "modified": "2013-10-08T13:08:49.037Z"}}, {"pk": 201, "model": "easy_thumbnails.thumbnail", "fields": {"source": 61, "name": "images\\25.jpg.150x140_q70_crop-smart.jpg", "storage_hash": "d26becbf46ac48eda79c7a39a13a02dd", "modified": "2013-10-08T13:08:58.114Z"}}, {"pk": 202, "model": "easy_thumbnails.thumbnail", "fields": {"source": 61, "name": "images\\25.jpg.800x600_q90_crop-scale.jpg", "storage_hash": "d26becbf46ac48eda79c7a39a13a02dd", "modified": "2013-10-08T13:08:58.572Z"}}, {"pk": 203, "model": "easy_thumbnails.thumbnail", "fields": {"source": 62, "name": "images\\26_1.jpg.150x140_q70_crop-smart.jpg", "storage_hash": "d26becbf46ac48eda79c7a39a13a02dd", "modified": "2013-10-08T13:09:06.588Z"}}, {"pk": 204, "model": "easy_thumbnails.thumbnail", "fields": {"source": 62, "name": "images\\26_1.jpg.800x600_q90_crop-scale.jpg", "storage_hash": "d26becbf46ac48eda79c7a39a13a02dd", "modified": "2013-10-08T13:09:07.067Z"}}, {"pk": 205, "model": "easy_thumbnails.thumbnail", "fields": {"source": 63, "name": "images\\28.JPG.150x140_q70_crop-smart.jpg", "storage_hash": "d26becbf46ac48eda79c7a39a13a02dd", "modified": "2013-10-08T13:09:14.577Z"}}, {"pk": 206, "model": "easy_thumbnails.thumbnail", "fields": {"source": 63, "name": "images\\28.JPG.800x600_q90_crop-scale.jpg", "storage_hash": "d26becbf46ac48eda79c7a39a13a02dd", "modified": "2013-10-08T13:09:14.720Z"}}, {"pk": 207, "model": "easy_thumbnails.thumbnail", "fields": {"source": 64, "name": "images\\30.JPG.150x140_q70_crop-smart.jpg", "storage_hash": "d26becbf46ac48eda79c7a39a13a02dd", "modified": "2013-10-08T13:09:23.430Z"}}, {"pk": 208, "model": "easy_thumbnails.thumbnail", "fields": {"source": 64, "name": "images\\30.JPG.800x600_q90_crop-scale.jpg", "storage_hash": "d26becbf46ac48eda79c7a39a13a02dd", "modified": "2013-10-08T13:09:23.573Z"}}, {"pk": 209, "model": "easy_thumbnails.thumbnail", "fields": {"source": 65, "name": "images\\31_1.JPG.150x140_q70_crop-smart.jpg", "storage_hash": "d26becbf46ac48eda79c7a39a13a02dd", "modified": "2013-10-08T13:09:31.476Z"}}, {"pk": 210, "model": "easy_thumbnails.thumbnail", "fields": {"source": 65, "name": "images\\31_1.JPG.800x600_q90_crop-scale.jpg", "storage_hash": "d26becbf46ac48eda79c7a39a13a02dd", "modified": "2013-10-08T13:09:32.463Z"}}, {"pk": 211, "model": "easy_thumbnails.thumbnail", "fields": {"source": 66, "name": "images\\32_1.jpg.150x140_q70_crop-smart.jpg", "storage_hash": "d26becbf46ac48eda79c7a39a13a02dd", "modified": "2013-10-08T13:09:41.547Z"}}, {"pk": 212, "model": "easy_thumbnails.thumbnail", "fields": {"source": 66, "name": "images\\32_1.jpg.800x600_q90_crop-scale.jpg", "storage_hash": "d26becbf46ac48eda79c7a39a13a02dd", "modified": "2013-10-08T13:09:42.191Z"}}, {"pk": 213, "model": "easy_thumbnails.thumbnail", "fields": {"source": 67, "name": "images\\33_1.jpg.150x140_q70_crop-smart.jpg", "storage_hash": "d26becbf46ac48eda79c7a39a13a02dd", "modified": "2013-10-08T13:09:49.994Z"}}, {"pk": 214, "model": "easy_thumbnails.thumbnail", "fields": {"source": 67, "name": "images\\33_1.jpg.800x600_q90_crop-scale.jpg", "storage_hash": "d26becbf46ac48eda79c7a39a13a02dd", "modified": "2013-10-08T13:09:50.031Z"}}, {"pk": 215, "model": "easy_thumbnails.thumbnail", "fields": {"source": 68, "name": "images\\34.png.150x140_q70_crop-smart.jpg", "storage_hash": "d26becbf46ac48eda79c7a39a13a02dd", "modified": "2013-10-08T13:09:56.448Z"}}, {"pk": 216, "model": "easy_thumbnails.thumbnail", "fields": {"source": 68, "name": "images\\34.png.800x600_q90_crop-scale.jpg", "storage_hash": "d26becbf46ac48eda79c7a39a13a02dd", "modified": "2013-10-08T13:09:56.846Z"}}, {"pk": 217, "model": "easy_thumbnails.thumbnail", "fields": {"source": 69, "name": "images\\35.jpg.150x140_q70_crop-smart.jpg", "storage_hash": "d26becbf46ac48eda79c7a39a13a02dd", "modified": "2013-10-08T13:10:03.022Z"}}, {"pk": 218, "model": "easy_thumbnails.thumbnail", "fields": {"source": 69, "name": "images\\35.jpg.800x600_q90_crop-scale.jpg", "storage_hash": "d26becbf46ac48eda79c7a39a13a02dd", "modified": "2013-10-08T13:10:03.061Z"}}, {"pk": 219, "model": "easy_thumbnails.thumbnail", "fields": {"source": 70, "name": "images\\36_1.JPG.150x140_q70_crop-smart.jpg", "storage_hash": "d26becbf46ac48eda79c7a39a13a02dd", "modified": "2013-10-08T13:10:09.537Z"}}, {"pk": 220, "model": "easy_thumbnails.thumbnail", "fields": {"source": 70, "name": "images\\36_1.JPG.800x600_q90_crop-scale.jpg", "storage_hash": "d26becbf46ac48eda79c7a39a13a02dd", "modified": "2013-10-08T13:10:10.618Z"}}, {"pk": 221, "model": "easy_thumbnails.thumbnail", "fields": {"source": 71, "name": "images\\37.JPG.150x140_q70_crop-smart.jpg", "storage_hash": "d26becbf46ac48eda79c7a39a13a02dd", "modified": "2013-10-08T13:10:18.899Z"}}, {"pk": 222, "model": "easy_thumbnails.thumbnail", "fields": {"source": 71, "name": "images\\37.JPG.800x600_q90_crop-scale.jpg", "storage_hash": "d26becbf46ac48eda79c7a39a13a02dd", "modified": "2013-10-08T13:10:20.072Z"}}, {"pk": 223, "model": "easy_thumbnails.thumbnail", "fields": {"source": 72, "name": "images\\38_1.JPG.150x140_q70_crop-smart.jpg", "storage_hash": "d26becbf46ac48eda79c7a39a13a02dd", "modified": "2013-10-08T13:10:27.363Z"}}, {"pk": 224, "model": "easy_thumbnails.thumbnail", "fields": {"source": 72, "name": "images\\38_1.JPG.800x600_q90_crop-scale.jpg", "storage_hash": "d26becbf46ac48eda79c7a39a13a02dd", "modified": "2013-10-08T13:10:28.427Z"}}, {"pk": 225, "model": "easy_thumbnails.thumbnail", "fields": {"source": 73, "name": "images\\41.JPG.150x140_q70_crop-smart.jpg", "storage_hash": "d26becbf46ac48eda79c7a39a13a02dd", "modified": "2013-10-08T13:10:37.785Z"}}, {"pk": 226, "model": "easy_thumbnails.thumbnail", "fields": {"source": 73, "name": "images\\41.JPG.800x600_q90_crop-scale.jpg", "storage_hash": "d26becbf46ac48eda79c7a39a13a02dd", "modified": "2013-10-08T13:10:37.821Z"}}, {"pk": 227, "model": "easy_thumbnails.thumbnail", "fields": {"source": 74, "name": "images\\42_1.jpg.150x140_q70_crop-smart.jpg", "storage_hash": "d26becbf46ac48eda79c7a39a13a02dd", "modified": "2013-10-08T13:10:46.631Z"}}, {"pk": 228, "model": "easy_thumbnails.thumbnail", "fields": {"source": 74, "name": "images\\42_1.jpg.800x600_q90_crop-scale.jpg", "storage_hash": "d26becbf46ac48eda79c7a39a13a02dd", "modified": "2013-10-08T13:10:47.237Z"}}, {"pk": 229, "model": "easy_thumbnails.thumbnail", "fields": {"source": 58, "name": "images\\20_1.JPG.800x600_q90.jpg", "storage_hash": "d26becbf46ac48eda79c7a39a13a02dd", "modified": "2013-10-08T13:19:34.517Z"}}, {"pk": 230, "model": "easy_thumbnails.thumbnail", "fields": {"source": 55, "name": "images\\16.JPG.800x600_q90.jpg", "storage_hash": "d26becbf46ac48eda79c7a39a13a02dd", "modified": "2013-10-08T13:19:34.891Z"}}, {"pk": 231, "model": "easy_thumbnails.thumbnail", "fields": {"source": 70, "name": "images\\36_1.JPG.800x600_q90.jpg", "storage_hash": "d26becbf46ac48eda79c7a39a13a02dd", "modified": "2013-10-08T13:19:36.036Z"}}, {"pk": 232, "model": "easy_thumbnails.thumbnail", "fields": {"source": 71, "name": "images\\37.JPG.800x600_q90.jpg", "storage_hash": "d26becbf46ac48eda79c7a39a13a02dd", "modified": "2013-10-08T13:19:37.225Z"}}, {"pk": 233, "model": "easy_thumbnails.thumbnail", "fields": {"source": 62, "name": "images\\26_1.jpg.800x600_q90.jpg", "storage_hash": "d26becbf46ac48eda79c7a39a13a02dd", "modified": "2013-10-08T13:19:37.737Z"}}, {"pk": 234, "model": "easy_thumbnails.thumbnail", "fields": {"source": 67, "name": "images\\33_1.jpg.800x600_q90.jpg", "storage_hash": "d26becbf46ac48eda79c7a39a13a02dd", "modified": "2013-10-08T13:19:37.784Z"}}, {"pk": 235, "model": "easy_thumbnails.thumbnail", "fields": {"source": 52, "name": "images\\12.JPG.800x600_q90.jpg", "storage_hash": "d26becbf46ac48eda79c7a39a13a02dd", "modified": "2013-10-08T13:19:37.834Z"}}, {"pk": 236, "model": "easy_thumbnails.thumbnail", "fields": {"source": 74, "name": "images\\42_1.jpg.800x600_q90.jpg", "storage_hash": "d26becbf46ac48eda79c7a39a13a02dd", "modified": "2013-10-08T13:19:38.404Z"}}, {"pk": 237, "model": "easy_thumbnails.thumbnail", "fields": {"source": 64, "name": "images\\30.JPG.800x600_q90.jpg", "storage_hash": "d26becbf46ac48eda79c7a39a13a02dd", "modified": "2013-10-08T13:19:38.623Z"}}, {"pk": 238, "model": "easy_thumbnails.thumbnail", "fields": {"source": 66, "name": "images\\32_1.jpg.800x600_q90.jpg", "storage_hash": "d26becbf46ac48eda79c7a39a13a02dd", "modified": "2013-10-08T13:19:39.227Z"}}, {"pk": 239, "model": "easy_thumbnails.thumbnail", "fields": {"source": 57, "name": "images\\19_1.JPG.800x600_q90.jpg", "storage_hash": "d26becbf46ac48eda79c7a39a13a02dd", "modified": "2013-10-08T13:19:39.629Z"}}, {"pk": 240, "model": "easy_thumbnails.thumbnail", "fields": {"source": 45, "name": "images\\01.JPG.800x600_q90.jpg", "storage_hash": "d26becbf46ac48eda79c7a39a13a02dd", "modified": "2013-10-08T13:19:40.100Z"}}, {"pk": 241, "model": "easy_thumbnails.thumbnail", "fields": {"source": 56, "name": "images\\18_1.jpg.800x600_q90.jpg", "storage_hash": "d26becbf46ac48eda79c7a39a13a02dd", "modified": "2013-10-08T13:19:40.878Z"}}, {"pk": 242, "model": "easy_thumbnails.thumbnail", "fields": {"source": 51, "name": "images\\11.JPG.800x600_q90.jpg", "storage_hash": "d26becbf46ac48eda79c7a39a13a02dd", "modified": "2013-10-08T13:19:41.172Z"}}, {"pk": 243, "model": "easy_thumbnails.thumbnail", "fields": {"source": 47, "name": "images\\07.jpg.800x600_q90.jpg", "storage_hash": "d26becbf46ac48eda79c7a39a13a02dd", "modified": "2013-10-08T13:19:42.484Z"}}, {"pk": 244, "model": "easy_thumbnails.thumbnail", "fields": {"source": 65, "name": "images\\31_1.JPG.800x600_q90.jpg", "storage_hash": "d26becbf46ac48eda79c7a39a13a02dd", "modified": "2013-10-08T13:19:43.487Z"}}, {"pk": 245, "model": "easy_thumbnails.thumbnail", "fields": {"source": 49, "name": "images\\09.jpg.800x600_q90.jpg", "storage_hash": "d26becbf46ac48eda79c7a39a13a02dd", "modified": "2013-10-08T13:19:43.869Z"}}, {"pk": 246, "model": "easy_thumbnails.thumbnail", "fields": {"source": 46, "name": "images\\03.JPG.800x600_q90.jpg", "storage_hash": "d26becbf46ac48eda79c7a39a13a02dd", "modified": "2013-10-08T13:19:44.351Z"}}, {"pk": 247, "model": "easy_thumbnails.thumbnail", "fields": {"source": 61, "name": "images\\25.jpg.800x600_q90.jpg", "storage_hash": "d26becbf46ac48eda79c7a39a13a02dd", "modified": "2013-10-08T13:19:44.825Z"}}, {"pk": 248, "model": "easy_thumbnails.thumbnail", "fields": {"source": 50, "name": "images\\10_1.JPG.800x600_q90.jpg", "storage_hash": "d26becbf46ac48eda79c7a39a13a02dd", "modified": "2013-10-08T13:19:45.183Z"}}, {"pk": 249, "model": "easy_thumbnails.thumbnail", "fields": {"source": 53, "name": "images\\13.JPG.800x600_q90.jpg", "storage_hash": "d26becbf46ac48eda79c7a39a13a02dd", "modified": "2013-10-08T13:19:46.278Z"}}, {"pk": 250, "model": "easy_thumbnails.thumbnail", "fields": {"source": 59, "name": "images\\22_1.JPG.800x600_q90.jpg", "storage_hash": "d26becbf46ac48eda79c7a39a13a02dd", "modified": "2013-10-08T13:19:46.699Z"}}, {"pk": 251, "model": "easy_thumbnails.thumbnail", "fields": {"source": 69, "name": "images\\35.jpg.800x600_q90.jpg", "storage_hash": "d26becbf46ac48eda79c7a39a13a02dd", "modified": "2013-10-08T13:19:46.791Z"}}, {"pk": 252, "model": "easy_thumbnails.thumbnail", "fields": {"source": 73, "name": "images\\41.JPG.800x600_q90.jpg", "storage_hash": "d26becbf46ac48eda79c7a39a13a02dd", "modified": "2013-10-08T13:19:46.837Z"}}, {"pk": 253, "model": "easy_thumbnails.thumbnail", "fields": {"source": 48, "name": "images\\08.jpg.800x600_q90.jpg", "storage_hash": "d26becbf46ac48eda79c7a39a13a02dd", "modified": "2013-10-08T13:19:47.218Z"}}, {"pk": 254, "model": "easy_thumbnails.thumbnail", "fields": {"source": 68, "name": "images\\34.png.800x600_q90.jpg", "storage_hash": "d26becbf46ac48eda79c7a39a13a02dd", "modified": "2013-10-08T13:19:47.623Z"}}, {"pk": 255, "model": "easy_thumbnails.thumbnail", "fields": {"source": 72, "name": "images\\38_1.JPG.800x600_q90.jpg", "storage_hash": "d26becbf46ac48eda79c7a39a13a02dd", "modified": "2013-10-08T13:19:48.480Z"}}, {"pk": 256, "model": "easy_thumbnails.thumbnail", "fields": {"source": 54, "name": "images\\15_1.JPG.800x600_q90.jpg", "storage_hash": "d26becbf46ac48eda79c7a39a13a02dd", "modified": "2013-10-08T13:19:48.843Z"}}, {"pk": 257, "model": "easy_thumbnails.thumbnail", "fields": {"source": 60, "name": "images\\24.JPG.800x600_q90.jpg", "storage_hash": "d26becbf46ac48eda79c7a39a13a02dd", "modified": "2013-10-08T13:19:49.240Z"}}, {"pk": 258, "model": "easy_thumbnails.thumbnail", "fields": {"source": 63, "name": "images\\28.JPG.800x600_q90.jpg", "storage_hash": "d26becbf46ac48eda79c7a39a13a02dd", "modified": "2013-10-08T13:19:49.395Z"}}, {"pk": 259, "model": "easy_thumbnails.thumbnail", "fields": {"source": 30, "name": "images\\33.JPG.800x600_q90.jpg", "storage_hash": "d26becbf46ac48eda79c7a39a13a02dd", "modified": "2013-10-08T13:19:49.545Z"}}, {"pk": 260, "model": "easy_thumbnails.thumbnail", "fields": {"source": 44, "name": "images\\69.jpg.800x600_q90.jpg", "storage_hash": "d26becbf46ac48eda79c7a39a13a02dd", "modified": "2013-10-08T13:19:50.107Z"}}, {"pk": 261, "model": "easy_thumbnails.thumbnail", "fields": {"source": 17, "name": "images\\4.JPG.800x600_q90.jpg", "storage_hash": "d26becbf46ac48eda79c7a39a13a02dd", "modified": "2013-10-08T13:19:50.349Z"}}, {"pk": 262, "model": "easy_thumbnails.thumbnail", "fields": {"source": 34, "name": "images\\46.JPG.800x600_q90.jpg", "storage_hash": "d26becbf46ac48eda79c7a39a13a02dd", "modified": "2013-10-08T13:19:51.523Z"}}, {"pk": 263, "model": "easy_thumbnails.thumbnail", "fields": {"source": 43, "name": "images\\68.jpg.800x600_q90.jpg", "storage_hash": "d26becbf46ac48eda79c7a39a13a02dd", "modified": "2013-10-08T13:19:52.099Z"}}, {"pk": 264, "model": "easy_thumbnails.thumbnail", "fields": {"source": 41, "name": "images\\57.JPG.800x600_q90.jpg", "storage_hash": "d26becbf46ac48eda79c7a39a13a02dd", "modified": "2013-10-08T13:19:52.301Z"}}, {"pk": 265, "model": "easy_thumbnails.thumbnail", "fields": {"source": 33, "name": "images\\42.JPG.800x600_q90.jpg", "storage_hash": "d26becbf46ac48eda79c7a39a13a02dd", "modified": "2013-10-08T13:19:52.553Z"}}, {"pk": 266, "model": "easy_thumbnails.thumbnail", "fields": {"source": 15, "name": "images\\2.JPG.800x600_q90.jpg", "storage_hash": "d26becbf46ac48eda79c7a39a13a02dd", "modified": "2013-10-08T13:19:52.754Z"}}, {"pk": 267, "model": "easy_thumbnails.thumbnail", "fields": {"source": 40, "name": "images\\54.JPG.800x600_q90.jpg", "storage_hash": "d26becbf46ac48eda79c7a39a13a02dd", "modified": "2013-10-08T13:19:53.238Z"}}, {"pk": 268, "model": "easy_thumbnails.thumbnail", "fields": {"source": 16, "name": "images\\3.jpg.800x600_q90.jpg", "storage_hash": "d26becbf46ac48eda79c7a39a13a02dd", "modified": "2013-10-08T13:19:53.448Z"}}, {"pk": 269, "model": "easy_thumbnails.thumbnail", "fields": {"source": 21, "name": "images\\15.JPG.800x600_q90.jpg", "storage_hash": "d26becbf46ac48eda79c7a39a13a02dd", "modified": "2013-10-08T13:19:53.899Z"}}, {"pk": 270, "model": "easy_thumbnails.thumbnail", "fields": {"source": 23, "name": "images\\19.jpg.800x600_q90.jpg", "storage_hash": "d26becbf46ac48eda79c7a39a13a02dd", "modified": "2013-10-08T13:19:54.258Z"}}, {"pk": 271, "model": "easy_thumbnails.thumbnail", "fields": {"source": 35, "name": "images\\47.JPG.800x600_q90.jpg", "storage_hash": "d26becbf46ac48eda79c7a39a13a02dd", "modified": "2013-10-08T13:19:55.439Z"}}, {"pk": 272, "model": "easy_thumbnails.thumbnail", "fields": {"source": 24, "name": "images\\20.JPG.800x600_q90.jpg", "storage_hash": "d26becbf46ac48eda79c7a39a13a02dd", "modified": "2013-10-08T13:19:55.694Z"}}, {"pk": 273, "model": "easy_thumbnails.thumbnail", "fields": {"source": 27, "name": "images\\29.JPG.800x600_q90.jpg", "storage_hash": "d26becbf46ac48eda79c7a39a13a02dd", "modified": "2013-10-08T13:19:56.164Z"}}, {"pk": 274, "model": "easy_thumbnails.thumbnail", "fields": {"source": 26, "name": "images\\26.JPG.800x600_q90.jpg", "storage_hash": "d26becbf46ac48eda79c7a39a13a02dd", "modified": "2013-10-08T13:19:56.700Z"}}, {"pk": 275, "model": "easy_thumbnails.thumbnail", "fields": {"source": 42, "name": "images\\63.JPG.800x600_q90.jpg", "storage_hash": "d26becbf46ac48eda79c7a39a13a02dd", "modified": "2013-10-08T13:19:56.854Z"}}, {"pk": 276, "model": "easy_thumbnails.thumbnail", "fields": {"source": 20, "name": "images\\10.JPG.800x600_q90.jpg", "storage_hash": "d26becbf46ac48eda79c7a39a13a02dd", "modified": "2013-10-08T13:19:57.418Z"}}, {"pk": 277, "model": "easy_thumbnails.thumbnail", "fields": {"source": 29, "name": "images\\32.JPG.800x600_q90.jpg", "storage_hash": "d26becbf46ac48eda79c7a39a13a02dd", "modified": "2013-10-08T13:19:57.565Z"}}, {"pk": 278, "model": "easy_thumbnails.thumbnail", "fields": {"source": 36, "name": "images\\48.JPG.800x600_q90.jpg", "storage_hash": "d26becbf46ac48eda79c7a39a13a02dd", "modified": "2013-10-08T13:19:58.786Z"}}, {"pk": 279, "model": "easy_thumbnails.thumbnail", "fields": {"source": 28, "name": "images\\31.jpg.800x600_q90.jpg", "storage_hash": "d26becbf46ac48eda79c7a39a13a02dd", "modified": "2013-10-08T13:19:59.587Z"}}, {"pk": 280, "model": "easy_thumbnails.thumbnail", "fields": {"source": 22, "name": "images\\18.JPG.800x600_q90.jpg", "storage_hash": "d26becbf46ac48eda79c7a39a13a02dd", "modified": "2013-10-08T13:20:00.041Z"}}, {"pk": 281, "model": "easy_thumbnails.thumbnail", "fields": {"source": 38, "name": "images\\50.jpg.800x600_q90.jpg", "storage_hash": "d26becbf46ac48eda79c7a39a13a02dd", "modified": "2013-10-08T13:20:00.395Z"}}, {"pk": 282, "model": "easy_thumbnails.thumbnail", "fields": {"source": 19, "name": "images\\7.JPG.800x600_q90.jpg", "storage_hash": "d26becbf46ac48eda79c7a39a13a02dd", "modified": "2013-10-08T13:20:01.060Z"}}, {"pk": 283, "model": "easy_thumbnails.thumbnail", "fields": {"source": 25, "name": "images\\22.JPG.800x600_q90.jpg", "storage_hash": "d26becbf46ac48eda79c7a39a13a02dd", "modified": "2013-10-08T13:20:01.526Z"}}, {"pk": 284, "model": "easy_thumbnails.thumbnail", "fields": {"source": 18, "name": "images\\5.jpg.800x600_q90.jpg", "storage_hash": "d26becbf46ac48eda79c7a39a13a02dd", "modified": "2013-10-08T13:20:01.731Z"}}, {"pk": 285, "model": "easy_thumbnails.thumbnail", "fields": {"source": 31, "name": "images\\36.JPG.800x600_q90.jpg", "storage_hash": "d26becbf46ac48eda79c7a39a13a02dd", "modified": "2013-10-08T13:20:02.256Z"}}, {"pk": 286, "model": "easy_thumbnails.thumbnail", "fields": {"source": 32, "name": "images\\38.jpg.800x600_q90.jpg", "storage_hash": "d26becbf46ac48eda79c7a39a13a02dd", "modified": "2013-10-08T13:20:02.391Z"}}, {"pk": 287, "model": "easy_thumbnails.thumbnail", "fields": {"source": 39, "name": "images\\52.JPG.800x600_q90.jpg", "storage_hash": "d26becbf46ac48eda79c7a39a13a02dd", "modified": "2013-10-08T13:20:02.867Z"}}, {"pk": 288, "model": "easy_thumbnails.thumbnail", "fields": {"source": 37, "name": "images\\49.jpg.800x600_q90.jpg", "storage_hash": "d26becbf46ac48eda79c7a39a13a02dd", "modified": "2013-10-08T13:20:03.224Z"}}, {"pk": 1, "model": "auth.permission", "fields": {"codename": "add_permission", "name": "Can add permission", "content_type": 1}}, {"pk": 2, "model": "auth.permission", "fields": {"codename": "change_permission", "name": "Can change permission", "content_type": 1}}, {"pk": 3, "model": "auth.permission", "fields": {"codename": "delete_permission", "name": "Can delete permission", "content_type": 1}}, {"pk": 4, "model": "auth.permission", "fields": {"codename": "add_group", "name": "Can add group", "content_type": 2}}, {"pk": 5, "model": "auth.permission", "fields": {"codename": "change_group", "name": "Can change group", "content_type": 2}}, {"pk": 6, "model": "auth.permission", "fields": {"codename": "delete_group", "name": "Can delete group", "content_type": 2}}, {"pk": 7, "model": "auth.permission", "fields": {"codename": "add_user", "name": "Can add user", "content_type": 3}}, {"pk": 8, "model": "auth.permission", "fields": {"codename": "change_user", "name": "Can change user", "content_type": 3}}, {"pk": 9, "model": "auth.permission", "fields": {"codename": "delete_user", "name": "Can delete user", "content_type": 3}}, {"pk": 10, "model": "auth.permission", "fields": {"codename": "add_contenttype", "name": "Can add content type", "content_type": 4}}, {"pk": 11, "model": "auth.permission", "fields": {"codename": "change_contenttype", "name": "Can change content type", "content_type": 4}}, {"pk": 12, "model": "auth.permission", "fields": {"codename": "delete_contenttype", "name": "Can delete content type", "content_type": 4}}, {"pk": 13, "model": "auth.permission", "fields": {"codename": "add_session", "name": "Can add session", "content_type": 5}}, {"pk": 14, "model": "auth.permission", "fields": {"codename": "change_session", "name": "Can change session", "content_type": 5}}, {"pk": 15, "model": "auth.permission", "fields": {"codename": "delete_session", "name": "Can delete session", "content_type": 5}}, {"pk": 16, "model": "auth.permission", "fields": {"codename": "add_site", "name": "Can add site", "content_type": 6}}, {"pk": 17, "model": "auth.permission", "fields": {"codename": "change_site", "name": "Can change site", "content_type": 6}}, {"pk": 18, "model": "auth.permission", "fields": {"codename": "delete_site", "name": "Can delete site", "content_type": 6}}, {"pk": 19, "model": "auth.permission", "fields": {"codename": "add_logentry", "name": "Can add log entry", "content_type": 7}}, {"pk": 20, "model": "auth.permission", "fields": {"codename": "change_logentry", "name": "Can change log entry", "content_type": 7}}, {"pk": 21, "model": "auth.permission", "fields": {"codename": "delete_logentry", "name": "Can delete log entry", "content_type": 7}}, {"pk": 22, "model": "auth.permission", "fields": {"codename": "add_categoria", "name": "Can add categoria", "content_type": 8}}, {"pk": 23, "model": "auth.permission", "fields": {"codename": "change_categoria", "name": "Can change categoria", "content_type": 8}}, {"pk": 24, "model": "auth.permission", "fields": {"codename": "delete_categoria", "name": "Can delete categoria", "content_type": 8}}, {"pk": 25, "model": "auth.permission", "fields": {"codename": "add_foto", "name": "Can add foto", "content_type": 9}}, {"pk": 26, "model": "auth.permission", "fields": {"codename": "change_foto", "name": "Can change foto", "content_type": 9}}, {"pk": 27, "model": "auth.permission", "fields": {"codename": "delete_foto", "name": "Can delete foto", "content_type": 9}}, {"pk": 28, "model": "auth.permission", "fields": {"codename": "add_voto", "name": "Can add voto", "content_type": 10}}, {"pk": 29, "model": "auth.permission", "fields": {"codename": "change_voto", "name": "Can change voto", "content_type": 10}}, {"pk": 30, "model": "auth.permission", "fields": {"codename": "delete_voto", "name": "Can delete voto", "content_type": 10}}, {"pk": 31, "model": "auth.permission", "fields": {"codename": "add_source", "name": "Can add source", "content_type": 11}}, {"pk": 32, "model": "auth.permission", "fields": {"codename": "change_source", "name": "Can change source", "content_type": 11}}, {"pk": 33, "model": "auth.permission", "fields": {"codename": "delete_source", "name": "Can delete source", "content_type": 11}}, {"pk": 34, "model": "auth.permission", "fields": {"codename": "add_thumbnail", "name": "Can add thumbnail", "content_type": 12}}, {"pk": 35, "model": "auth.permission", "fields": {"codename": "change_thumbnail", "name": "Can change thumbnail", "content_type": 12}}, {"pk": 36, "model": "auth.permission", "fields": {"codename": "delete_thumbnail", "name": "Can delete thumbnail", "content_type": 12}}, {"pk": 37, "model": "auth.permission", "fields": {"codename": "add_votocpf", "name": "Can add voto cpf", "content_type": 13}}, {"pk": 38, "model": "auth.permission", "fields": {"codename": "change_votocpf", "name": "Can change voto cpf", "content_type": 13}}, {"pk": 39, "model": "auth.permission", "fields": {"codename": "delete_votocpf", "name": "Can delete voto cpf", "content_type": 13}}, {"pk": 1, "model": "auth.user", "fields": {"username": "root", "first_name": "", "last_name": "", "is_active": true, "is_superuser": true, "is_staff": true, "last_login": "2013-09-26T13:42:05.634Z", "groups": [], "user_permissions": [], "password": "pbkdf2_sha256$10000$GJVNTBBiAgJz$DMNWEXb69YbFg5zUIjFIvplVNUS5vQi7ZiXvXgXDLr4=", "email": "henrique@ufsm.br", "date_joined": "2013-09-26T13:30:07.558Z"}}, {"pk": 1, "model": "admin.logentry", "fields": {"action_flag": 1, "action_time": "2013-09-26T13:42:17.159Z", "object_repr": "x", "object_id": "1", "change_message": "", "user": 1, "content_type": 8}}, {"pk": 2, "model": "admin.logentry", "fields": {"action_flag": 1, "action_time": "2013-09-26T16:47:20.031Z", "object_repr": "x - teste", "object_id": "1", "change_message": "", "user": 1, "content_type": 9}}, {"pk": 3, "model": "admin.logentry", "fields": {"action_flag": 1, "action_time": "2013-09-26T16:56:54.794Z", "object_repr": "Frederico Westphalen", "object_id": "2", "change_message": "", "user": 1, "content_type": 8}}, {"pk": 4, "model": "admin.logentry", "fields": {"action_flag": 2, "action_time": "2013-09-26T16:57:06.058Z", "object_repr": "Palmeira das Miss\u00f5es", "object_id": "1", "change_message": "Modificado nome.", "user": 1, "content_type": 8}}, {"pk": 5, "model": "admin.logentry", "fields": {"action_flag": 1, "action_time": "2013-09-27T11:26:31.024Z", "object_repr": "Frederico Westphalen - Chuan", "object_id": "2", "change_message": "", "user": 1, "content_type": 9}}, {"pk": 6, "model": "admin.logentry", "fields": {"action_flag": 1, "action_time": "2013-09-27T11:26:38.355Z", "object_repr": "Frederico Westphalen - Xasd", "object_id": "3", "change_message": "", "user": 1, "content_type": 9}}, {"pk": 7, "model": "admin.logentry", "fields": {"action_flag": 1, "action_time": "2013-09-27T11:26:44.696Z", "object_repr": "Palmeira das Miss\u00f5es - wqe", "object_id": "4", "change_message": "", "user": 1, "content_type": 9}}, {"pk": 8, "model": "admin.logentry", "fields": {"action_flag": 1, "action_time": "2013-09-27T11:26:51.559Z", "object_repr": "Palmeira das Miss\u00f5es - qweqw", "object_id": "5", "change_message": "", "user": 1, "content_type": 9}}, {"pk": 9, "model": "admin.logentry", "fields": {"action_flag": 1, "action_time": "2013-09-27T11:26:59.442Z", "object_repr": "Frederico Westphalen - 342", "object_id": "6", "change_message": "", "user": 1, "content_type": 9}}, {"pk": 10, "model": "admin.logentry", "fields": {"action_flag": 1, "action_time": "2013-09-27T11:27:05.361Z", "object_repr": "Palmeira das Miss\u00f5es - asdas", "object_id": "7", "change_message": "", "user": 1, "content_type": 9}}, {"pk": 11, "model": "admin.logentry", "fields": {"action_flag": 1, "action_time": "2013-09-27T11:28:20.029Z", "object_repr": "Palmeira das Miss\u00f5es - MS", "object_id": "8", "change_message": "", "user": 1, "content_type": 9}}, {"pk": 12, "model": "admin.logentry", "fields": {"action_flag": 1, "action_time": "2013-09-27T11:28:30.209Z", "object_repr": "Frederico Westphalen - NMS", "object_id": "9", "change_message": "", "user": 1, "content_type": 9}}, {"pk": 13, "model": "admin.logentry", "fields": {"action_flag": 1, "action_time": "2013-09-27T11:28:35.857Z", "object_repr": "Palmeira das Miss\u00f5es - ASDAS", "object_id": "10", "change_message": "", "user": 1, "content_type": 9}}, {"pk": 14, "model": "admin.logentry", "fields": {"action_flag": 1, "action_time": "2013-09-27T11:28:41.661Z", "object_repr": "Palmeira das Miss\u00f5es - SADS", "object_id": "11", "change_message": "", "user": 1, "content_type": 9}}, {"pk": 15, "model": "admin.logentry", "fields": {"action_flag": 1, "action_time": "2013-09-27T11:54:17.009Z", "object_repr": "Palmeira das Miss\u00f5es - asd", "object_id": "12", "change_message": "", "user": 1, "content_type": 9}}, {"pk": 16, "model": "admin.logentry", "fields": {"action_flag": 1, "action_time": "2013-09-27T11:54:23.799Z", "object_repr": "Palmeira das Miss\u00f5es - asdasd", "object_id": "13", "change_message": "", "user": 1, "content_type": 9}}, {"pk": 17, "model": "admin.logentry", "fields": {"action_flag": 1, "action_time": "2013-09-27T11:54:34.860Z", "object_repr": "Palmeira das Miss\u00f5es - asdasds", "object_id": "14", "change_message": "", "user": 1, "content_type": 9}}, {"pk": 18, "model": "admin.logentry", "fields": {"action_flag": 1, "action_time": "2013-10-08T12:59:58.507Z", "object_repr": "Frederico Westphalen - 2", "object_id": "15", "change_message": "", "user": 1, "content_type": 9}}, {"pk": 19, "model": "admin.logentry", "fields": {"action_flag": 1, "action_time": "2013-10-08T13:00:03.825Z", "object_repr": "Frederico Westphalen - 3", "object_id": "16", "change_message": "", "user": 1, "content_type": 9}}, {"pk": 20, "model": "admin.logentry", "fields": {"action_flag": 1, "action_time": "2013-10-08T13:00:10.652Z", "object_repr": "Frederico Westphalen - 4", "object_id": "17", "change_message": "", "user": 1, "content_type": 9}}, {"pk": 21, "model": "admin.logentry", "fields": {"action_flag": 1, "action_time": "2013-10-08T13:00:15.373Z", "object_repr": "Frederico Westphalen - 5", "object_id": "18", "change_message": "", "user": 1, "content_type": 9}}, {"pk": 22, "model": "admin.logentry", "fields": {"action_flag": 1, "action_time": "2013-10-08T13:00:29.827Z", "object_repr": "Frederico Westphalen - 7", "object_id": "19", "change_message": "", "user": 1, "content_type": 9}}, {"pk": 23, "model": "admin.logentry", "fields": {"action_flag": 1, "action_time": "2013-10-08T13:00:40.385Z", "object_repr": "Frederico Westphalen - 10", "object_id": "20", "change_message": "", "user": 1, "content_type": 9}}, {"pk": 24, "model": "admin.logentry", "fields": {"action_flag": 1, "action_time": "2013-10-08T13:00:48.765Z", "object_repr": "Frederico Westphalen - 15", "object_id": "21", "change_message": "", "user": 1, "content_type": 9}}, {"pk": 25, "model": "admin.logentry", "fields": {"action_flag": 1, "action_time": "2013-10-08T13:00:56.764Z", "object_repr": "Frederico Westphalen - 18", "object_id": "22", "change_message": "", "user": 1, "content_type": 9}}, {"pk": 26, "model": "admin.logentry", "fields": {"action_flag": 1, "action_time": "2013-10-08T13:01:03.495Z", "object_repr": "Frederico Westphalen - 19", "object_id": "23", "change_message": "", "user": 1, "content_type": 9}}, {"pk": 27, "model": "admin.logentry", "fields": {"action_flag": 1, "action_time": "2013-10-08T13:01:10.762Z", "object_repr": "Frederico Westphalen - 20", "object_id": "24", "change_message": "", "user": 1, "content_type": 9}}, {"pk": 28, "model": "admin.logentry", "fields": {"action_flag": 1, "action_time": "2013-10-08T13:01:17.394Z", "object_repr": "Frederico Westphalen - 22", "object_id": "25", "change_message": "", "user": 1, "content_type": 9}}, {"pk": 29, "model": "admin.logentry", "fields": {"action_flag": 1, "action_time": "2013-10-08T13:01:28.115Z", "object_repr": "Frederico Westphalen - 26", "object_id": "26", "change_message": "", "user": 1, "content_type": 9}}, {"pk": 30, "model": "admin.logentry", "fields": {"action_flag": 1, "action_time": "2013-10-08T13:01:35.345Z", "object_repr": "Frederico Westphalen - 29", "object_id": "27", "change_message": "", "user": 1, "content_type": 9}}, {"pk": 31, "model": "admin.logentry", "fields": {"action_flag": 1, "action_time": "2013-10-08T13:01:43.508Z", "object_repr": "Frederico Westphalen - 31", "object_id": "28", "change_message": "", "user": 1, "content_type": 9}}, {"pk": 32, "model": "admin.logentry", "fields": {"action_flag": 1, "action_time": "2013-10-08T13:01:49.706Z", "object_repr": "Frederico Westphalen - 32", "object_id": "29", "change_message": "", "user": 1, "content_type": 9}}, {"pk": 33, "model": "admin.logentry", "fields": {"action_flag": 1, "action_time": "2013-10-08T13:02:38.197Z", "object_repr": "Frederico Westphalen - 33", "object_id": "30", "change_message": "", "user": 1, "content_type": 9}}, {"pk": 34, "model": "admin.logentry", "fields": {"action_flag": 1, "action_time": "2013-10-08T13:02:46.155Z", "object_repr": "Frederico Westphalen - 36", "object_id": "31", "change_message": "", "user": 1, "content_type": 9}}, {"pk": 35, "model": "admin.logentry", "fields": {"action_flag": 1, "action_time": "2013-10-08T13:03:01.591Z", "object_repr": "Frederico Westphalen - 38", "object_id": "32", "change_message": "", "user": 1, "content_type": 9}}, {"pk": 36, "model": "admin.logentry", "fields": {"action_flag": 1, "action_time": "2013-10-08T13:03:08.871Z", "object_repr": "Frederico Westphalen - 42", "object_id": "33", "change_message": "", "user": 1, "content_type": 9}}, {"pk": 37, "model": "admin.logentry", "fields": {"action_flag": 1, "action_time": "2013-10-08T13:03:21.706Z", "object_repr": "Frederico Westphalen - 46", "object_id": "34", "change_message": "", "user": 1, "content_type": 9}}, {"pk": 38, "model": "admin.logentry", "fields": {"action_flag": 1, "action_time": "2013-10-08T13:03:30.661Z", "object_repr": "Frederico Westphalen - 47", "object_id": "35", "change_message": "", "user": 1, "content_type": 9}}, {"pk": 39, "model": "admin.logentry", "fields": {"action_flag": 1, "action_time": "2013-10-08T13:03:38.968Z", "object_repr": "Frederico Westphalen - 48", "object_id": "36", "change_message": "", "user": 1, "content_type": 9}}, {"pk": 40, "model": "admin.logentry", "fields": {"action_flag": 1, "action_time": "2013-10-08T13:03:47.658Z", "object_repr": "Frederico Westphalen - 49", "object_id": "37", "change_message": "", "user": 1, "content_type": 9}}, {"pk": 41, "model": "admin.logentry", "fields": {"action_flag": 1, "action_time": "2013-10-08T13:03:55.017Z", "object_repr": "Frederico Westphalen - 50", "object_id": "38", "change_message": "", "user": 1, "content_type": 9}}, {"pk": 42, "model": "admin.logentry", "fields": {"action_flag": 1, "action_time": "2013-10-08T13:04:02.620Z", "object_repr": "Frederico Westphalen - 52", "object_id": "39", "change_message": "", "user": 1, "content_type": 9}}, {"pk": 43, "model": "admin.logentry", "fields": {"action_flag": 1, "action_time": "2013-10-08T13:04:08.815Z", "object_repr": "Frederico Westphalen - 54", "object_id": "40", "change_message": "", "user": 1, "content_type": 9}}, {"pk": 44, "model": "admin.logentry", "fields": {"action_flag": 1, "action_time": "2013-10-08T13:04:49.101Z", "object_repr": "Frederico Westphalen - 57", "object_id": "41", "change_message": "", "user": 1, "content_type": 9}}, {"pk": 45, "model": "admin.logentry", "fields": {"action_flag": 1, "action_time": "2013-10-08T13:04:58.126Z", "object_repr": "Frederico Westphalen - 63", "object_id": "42", "change_message": "", "user": 1, "content_type": 9}}, {"pk": 46, "model": "admin.logentry", "fields": {"action_flag": 1, "action_time": "2013-10-08T13:05:05.821Z", "object_repr": "Frederico Westphalen - 68", "object_id": "43", "change_message": "", "user": 1, "content_type": 9}}, {"pk": 47, "model": "admin.logentry", "fields": {"action_flag": 1, "action_time": "2013-10-08T13:05:17.026Z", "object_repr": "Frederico Westphalen - 69", "object_id": "44", "change_message": "", "user": 1, "content_type": 9}}, {"pk": 48, "model": "admin.logentry", "fields": {"action_flag": 3, "action_time": "2013-10-08T13:05:34.169Z", "object_repr": "Palmeira das Miss\u00f5es - teste", "object_id": "1", "change_message": "", "user": 1, "content_type": 9}}, {"pk": 49, "model": "admin.logentry", "fields": {"action_flag": 3, "action_time": "2013-10-08T13:05:34.178Z", "object_repr": "Palmeira das Miss\u00f5es - wqe", "object_id": "4", "change_message": "", "user": 1, "content_type": 9}}, {"pk": 50, "model": "admin.logentry", "fields": {"action_flag": 3, "action_time": "2013-10-08T13:05:34.186Z", "object_repr": "Palmeira das Miss\u00f5es - qweqw", "object_id": "5", "change_message": "", "user": 1, "content_type": 9}}, {"pk": 51, "model": "admin.logentry", "fields": {"action_flag": 3, "action_time": "2013-10-08T13:05:34.199Z", "object_repr": "Palmeira das Miss\u00f5es - asdas", "object_id": "7", "change_message": "", "user": 1, "content_type": 9}}, {"pk": 52, "model": "admin.logentry", "fields": {"action_flag": 3, "action_time": "2013-10-08T13:05:34.211Z", "object_repr": "Palmeira das Miss\u00f5es - MS", "object_id": "8", "change_message": "", "user": 1, "content_type": 9}}, {"pk": 53, "model": "admin.logentry", "fields": {"action_flag": 3, "action_time": "2013-10-08T13:05:34.223Z", "object_repr": "Palmeira das Miss\u00f5es - ASDAS", "object_id": "10", "change_message": "", "user": 1, "content_type": 9}}, {"pk": 54, "model": "admin.logentry", "fields": {"action_flag": 3, "action_time": "2013-10-08T13:05:34.233Z", "object_repr": "Palmeira das Miss\u00f5es - SADS", "object_id": "11", "change_message": "", "user": 1, "content_type": 9}}, {"pk": 55, "model": "admin.logentry", "fields": {"action_flag": 3, "action_time": "2013-10-08T13:05:34.241Z", "object_repr": "Palmeira das Miss\u00f5es - asd", "object_id": "12", "change_message": "", "user": 1, "content_type": 9}}, {"pk": 56, "model": "admin.logentry", "fields": {"action_flag": 3, "action_time": "2013-10-08T13:05:34.251Z", "object_repr": "Palmeira das Miss\u00f5es - asdasd", "object_id": "13", "change_message": "", "user": 1, "content_type": 9}}, {"pk": 57, "model": "admin.logentry", "fields": {"action_flag": 3, "action_time": "2013-10-08T13:05:34.261Z", "object_repr": "Palmeira das Miss\u00f5es - asdasds", "object_id": "14", "change_message": "", "user": 1, "content_type": 9}}, {"pk": 58, "model": "admin.logentry", "fields": {"action_flag": 3, "action_time": "2013-10-08T13:05:34.272Z", "object_repr": "Frederico Westphalen - Chuan", "object_id": "2", "change_message": "", "user": 1, "content_type": 9}}, {"pk": 59, "model": "admin.logentry", "fields": {"action_flag": 3, "action_time": "2013-10-08T13:05:34.281Z", "object_repr": "Frederico Westphalen - Xasd", "object_id": "3", "change_message": "", "user": 1, "content_type": 9}}, {"pk": 60, "model": "admin.logentry", "fields": {"action_flag": 3, "action_time": "2013-10-08T13:05:34.292Z", "object_repr": "Frederico Westphalen - 342", "object_id": "6", "change_message": "", "user": 1, "content_type": 9}}, {"pk": 61, "model": "admin.logentry", "fields": {"action_flag": 3, "action_time": "2013-10-08T13:05:34.303Z", "object_repr": "Frederico Westphalen - NMS", "object_id": "9", "change_message": "", "user": 1, "content_type": 9}}, {"pk": 62, "model": "admin.logentry", "fields": {"action_flag": 1, "action_time": "2013-10-08T13:06:24.613Z", "object_repr": "Palmeira das Miss\u00f5es - 1", "object_id": "45", "change_message": "", "user": 1, "content_type": 9}}, {"pk": 63, "model": "admin.logentry", "fields": {"action_flag": 1, "action_time": "2013-10-08T13:06:31.960Z", "object_repr": "Palmeira das Miss\u00f5es - 3", "object_id": "46", "change_message": "", "user": 1, "content_type": 9}}, {"pk": 64, "model": "admin.logentry", "fields": {"action_flag": 1, "action_time": "2013-10-08T13:06:40.092Z", "object_repr": "Palmeira das Miss\u00f5es - 7", "object_id": "47", "change_message": "", "user": 1, "content_type": 9}}, {"pk": 65, "model": "admin.logentry", "fields": {"action_flag": 1, "action_time": "2013-10-08T13:06:50.218Z", "object_repr": "Palmeira das Miss\u00f5es - 8", "object_id": "48", "change_message": "", "user": 1, "content_type": 9}}, {"pk": 66, "model": "admin.logentry", "fields": {"action_flag": 1, "action_time": "2013-10-08T13:06:56.945Z", "object_repr": "Palmeira das Miss\u00f5es - 9", "object_id": "49", "change_message": "", "user": 1, "content_type": 9}}, {"pk": 67, "model": "admin.logentry", "fields": {"action_flag": 1, "action_time": "2013-10-08T13:07:05.633Z", "object_repr": "Palmeira das Miss\u00f5es - 10", "object_id": "50", "change_message": "", "user": 1, "content_type": 9}}, {"pk": 68, "model": "admin.logentry", "fields": {"action_flag": 1, "action_time": "2013-10-08T13:07:14.534Z", "object_repr": "Palmeira das Miss\u00f5es - 11", "object_id": "51", "change_message": "", "user": 1, "content_type": 9}}, {"pk": 69, "model": "admin.logentry", "fields": {"action_flag": 1, "action_time": "2013-10-08T13:07:22.613Z", "object_repr": "Palmeira das Miss\u00f5es - 12", "object_id": "52", "change_message": "", "user": 1, "content_type": 9}}, {"pk": 70, "model": "admin.logentry", "fields": {"action_flag": 1, "action_time": "2013-10-08T13:07:30.726Z", "object_repr": "Palmeira das Miss\u00f5es - 13", "object_id": "53", "change_message": "", "user": 1, "content_type": 9}}, {"pk": 71, "model": "admin.logentry", "fields": {"action_flag": 1, "action_time": "2013-10-08T13:07:40.349Z", "object_repr": "Palmeira das Miss\u00f5es - 15", "object_id": "54", "change_message": "", "user": 1, "content_type": 9}}, {"pk": 72, "model": "admin.logentry", "fields": {"action_flag": 1, "action_time": "2013-10-08T13:08:03.641Z", "object_repr": "Palmeira das Miss\u00f5es - 16", "object_id": "55", "change_message": "", "user": 1, "content_type": 9}}, {"pk": 73, "model": "admin.logentry", "fields": {"action_flag": 1, "action_time": "2013-10-08T13:08:11.763Z", "object_repr": "Palmeira das Miss\u00f5es - 18", "object_id": "56", "change_message": "", "user": 1, "content_type": 9}}, {"pk": 74, "model": "admin.logentry", "fields": {"action_flag": 1, "action_time": "2013-10-08T13:08:21.762Z", "object_repr": "Palmeira das Miss\u00f5es - 19", "object_id": "57", "change_message": "", "user": 1, "content_type": 9}}, {"pk": 75, "model": "admin.logentry", "fields": {"action_flag": 1, "action_time": "2013-10-08T13:08:33.074Z", "object_repr": "Palmeira das Miss\u00f5es - 20", "object_id": "58", "change_message": "", "user": 1, "content_type": 9}}, {"pk": 76, "model": "admin.logentry", "fields": {"action_flag": 1, "action_time": "2013-10-08T13:08:42.159Z", "object_repr": "Palmeira das Miss\u00f5es - 22", "object_id": "59", "change_message": "", "user": 1, "content_type": 9}}, {"pk": 77, "model": "admin.logentry", "fields": {"action_flag": 1, "action_time": "2013-10-08T13:08:49.039Z", "object_repr": "Palmeira das Miss\u00f5es - 24", "object_id": "60", "change_message": "", "user": 1, "content_type": 9}}, {"pk": 78, "model": "admin.logentry", "fields": {"action_flag": 1, "action_time": "2013-10-08T13:08:58.573Z", "object_repr": "Palmeira das Miss\u00f5es - 25", "object_id": "61", "change_message": "", "user": 1, "content_type": 9}}, {"pk": 79, "model": "admin.logentry", "fields": {"action_flag": 1, "action_time": "2013-10-08T13:09:07.069Z", "object_repr": "Palmeira das Miss\u00f5es - 26", "object_id": "62", "change_message": "", "user": 1, "content_type": 9}}, {"pk": 80, "model": "admin.logentry", "fields": {"action_flag": 1, "action_time": "2013-10-08T13:09:14.721Z", "object_repr": "Palmeira das Miss\u00f5es - 28", "object_id": "63", "change_message": "", "user": 1, "content_type": 9}}, {"pk": 81, "model": "admin.logentry", "fields": {"action_flag": 1, "action_time": "2013-10-08T13:09:23.575Z", "object_repr": "Palmeira das Miss\u00f5es - 30", "object_id": "64", "change_message": "", "user": 1, "content_type": 9}}, {"pk": 82, "model": "admin.logentry", "fields": {"action_flag": 1, "action_time": "2013-10-08T13:09:32.465Z", "object_repr": "Palmeira das Miss\u00f5es - 31", "object_id": "65", "change_message": "", "user": 1, "content_type": 9}}, {"pk": 83, "model": "admin.logentry", "fields": {"action_flag": 1, "action_time": "2013-10-08T13:09:42.192Z", "object_repr": "Palmeira das Miss\u00f5es - 32", "object_id": "66", "change_message": "", "user": 1, "content_type": 9}}, {"pk": 84, "model": "admin.logentry", "fields": {"action_flag": 1, "action_time": "2013-10-08T13:09:50.033Z", "object_repr": "Palmeira das Miss\u00f5es - 33", "object_id": "67", "change_message": "", "user": 1, "content_type": 9}}, {"pk": 85, "model": "admin.logentry", "fields": {"action_flag": 1, "action_time": "2013-10-08T13:09:56.848Z", "object_repr": "Palmeira das Miss\u00f5es - 34", "object_id": "68", "change_message": "", "user": 1, "content_type": 9}}, {"pk": 86, "model": "admin.logentry", "fields": {"action_flag": 1, "action_time": "2013-10-08T13:10:03.063Z", "object_repr": "Palmeira das Miss\u00f5es - 35", "object_id": "69", "change_message": "", "user": 1, "content_type": 9}}, {"pk": 87, "model": "admin.logentry", "fields": {"action_flag": 1, "action_time": "2013-10-08T13:10:10.620Z", "object_repr": "Palmeira das Miss\u00f5es - 36", "object_id": "70", "change_message": "", "user": 1, "content_type": 9}}, {"pk": 88, "model": "admin.logentry", "fields": {"action_flag": 1, "action_time": "2013-10-08T13:10:20.074Z", "object_repr": "Palmeira das Miss\u00f5es - 37", "object_id": "71", "change_message": "", "user": 1, "content_type": 9}}, {"pk": 89, "model": "admin.logentry", "fields": {"action_flag": 1, "action_time": "2013-10-08T13:10:28.429Z", "object_repr": "Palmeira das Miss\u00f5es - 38", "object_id": "72", "change_message": "", "user": 1, "content_type": 9}}, {"pk": 90, "model": "admin.logentry", "fields": {"action_flag": 1, "action_time": "2013-10-08T13:10:37.822Z", "object_repr": "Palmeira das Miss\u00f5es - 41", "object_id": "73", "change_message": "", "user": 1, "content_type": 9}}, {"pk": 91, "model": "admin.logentry", "fields": {"action_flag": 1, "action_time": "2013-10-08T13:10:47.240Z", "object_repr": "Palmeira das Miss\u00f5es - 42", "object_id": "74", "change_message": "", "user": 1, "content_type": 9}}, {"pk": 92, "model": "admin.logentry", "fields": {"action_flag": 3, "action_time": "2013-10-10T10:52:30.456Z", "object_repr": "1", "object_id": "11", "change_message": "", "user": 1, "content_type": 13}}, {"pk": 93, "model": "admin.logentry", "fields": {"action_flag": 3, "action_time": "2013-10-10T10:52:30.478Z", "object_repr": "1", "object_id": "10", "change_message": "", "user": 1, "content_type": 13}}, {"pk": 94, "model": "admin.logentry", "fields": {"action_flag": 3, "action_time": "2013-10-10T10:52:30.484Z", "object_repr": "1", "object_id": "9", "change_message": "", "user": 1, "content_type": 13}}, {"pk": 95, "model": "admin.logentry", "fields": {"action_flag": 3, "action_time": "2013-10-10T10:52:30.491Z", "object_repr": "1", "object_id": "8", "change_message": "", "user": 1, "content_type": 13}}, {"pk": 96, "model": "admin.logentry", "fields": {"action_flag": 3, "action_time": "2013-10-10T10:52:30.496Z", "object_repr": "1", "object_id": "7", "change_message": "", "user": 1, "content_type": 13}}, {"pk": 97, "model": "admin.logentry", "fields": {"action_flag": 3, "action_time": "2013-10-10T10:52:30.503Z", "object_repr": "1", "object_id": "6", "change_message": "", "user": 1, "content_type": 13}}, {"pk": 98, "model": "admin.logentry", "fields": {"action_flag": 3, "action_time": "2013-10-10T10:52:30.510Z", "object_repr": "1", "object_id": "5", "change_message": "", "user": 1, "content_type": 13}}, {"pk": 99, "model": "admin.logentry", "fields": {"action_flag": 3, "action_time": "2013-10-10T10:52:30.518Z", "object_repr": "1", "object_id": "4", "change_message": "", "user": 1, "content_type": 13}}, {"pk": 100, "model": "admin.logentry", "fields": {"action_flag": 3, "action_time": "2013-10-10T10:52:30.526Z", "object_repr": "1", "object_id": "3", "change_message": "", "user": 1, "content_type": 13}}, {"pk": 101, "model": "admin.logentry", "fields": {"action_flag": 3, "action_time": "2013-10-10T10:52:30.537Z", "object_repr": "1", "object_id": "2", "change_message": "", "user": 1, "content_type": 13}}, {"pk": 102, "model": "admin.logentry", "fields": {"action_flag": 3, "action_time": "2013-10-10T10:52:30.545Z", "object_repr": "1", "object_id": "1", "change_message": "", "user": 1, "content_type": 13}}, {"pk": 103, "model": "admin.logentry", "fields": {"action_flag": 3, "action_time": "2013-10-10T10:56:16.100Z", "object_repr": "1", "object_id": "3", "change_message": "", "user": 1, "content_type": 13}}, {"pk": 104, "model": "admin.logentry", "fields": {"action_flag": 3, "action_time": "2013-10-10T10:56:16.119Z", "object_repr": "8", "object_id": "2", "change_message": "", "user": 1, "content_type": 13}}, {"pk": 105, "model": "admin.logentry", "fields": {"action_flag": 3, "action_time": "2013-10-10T10:56:16.162Z", "object_repr": "10", "object_id": "1", "change_message": "", "user": 1, "content_type": 13}}, {"pk": 106, "model": "admin.logentry", "fields": {"action_flag": 3, "action_time": "2013-10-10T10:59:29.228Z", "object_repr": "16", "object_id": "1", "change_message": "", "user": 1, "content_type": 13}}, {"pk": 107, "model": "admin.logentry", "fields": {"action_flag": 3, "action_time": "2013-10-10T10:59:39.597Z", "object_repr": "48", "object_id": "6", "change_message": "", "user": 1, "content_type": 13}}, {"pk": 108, "model": "admin.logentry", "fields": {"action_flag": 3, "action_time": "2013-10-10T10:59:39.607Z", "object_repr": "7", "object_id": "5", "change_message": "", "user": 1, "content_type": 13}}, {"pk": 109, "model": "admin.logentry", "fields": {"action_flag": 3, "action_time": "2013-10-10T10:59:39.616Z", "object_repr": "42", "object_id": "4", "change_message": "", "user": 1, "content_type": 13}}, {"pk": 110, "model": "admin.logentry", "fields": {"action_flag": 3, "action_time": "2013-10-10T10:59:39.627Z", "object_repr": "11", "object_id": "3", "change_message": "", "user": 1, "content_type": 13}}, {"pk": 111, "model": "admin.logentry", "fields": {"action_flag": 3, "action_time": "2013-10-10T10:59:39.659Z", "object_repr": "7", "object_id": "2", "change_message": "", "user": 1, "content_type": 13}}, {"pk": 112, "model": "admin.logentry", "fields": {"action_flag": 3, "action_time": "2013-10-10T11:55:27.301Z", "object_repr": "69", "object_id": "7", "change_message": "", "user": 1, "content_type": 13}}, {"pk": 113, "model": "admin.logentry", "fields": {"action_flag": 3, "action_time": "2013-10-10T11:55:27.310Z", "object_repr": "8", "object_id": "6", "change_message": "", "user": 1, "content_type": 13}}, {"pk": 114, "model": "admin.logentry", "fields": {"action_flag": 3, "action_time": "2013-10-10T11:55:27.320Z", "object_repr": "36", "object_id": "5", "change_message": "", "user": 1, "content_type": 13}}, {"pk": 115, "model": "admin.logentry", "fields": {"action_flag": 3, "action_time": "2013-10-10T11:55:27.327Z", "object_repr": "19", "object_id": "4", "change_message": "", "user": 1, "content_type": 13}}, {"pk": 116, "model": "admin.logentry", "fields": {"action_flag": 3, "action_time": "2013-10-10T11:55:27.336Z", "object_repr": "2", "object_id": "3", "change_message": "", "user": 1, "content_type": 13}}, {"pk": 117, "model": "admin.logentry", "fields": {"action_flag": 3, "action_time": "2013-10-10T11:55:27.343Z", "object_repr": "31", "object_id": "2", "change_message": "", "user": 1, "content_type": 13}}, {"pk": 118, "model": "admin.logentry", "fields": {"action_flag": 3, "action_time": "2013-10-10T11:55:27.353Z", "object_repr": "48", "object_id": "1", "change_message": "", "user": 1, "content_type": 13}}, {"pk": 119, "model": "admin.logentry", "fields": {"action_flag": 3, "action_time": "2013-10-10T12:09:12.561Z", "object_repr": "42", "object_id": "6", "change_message": "", "user": 1, "content_type": 13}}, {"pk": 120, "model": "admin.logentry", "fields": {"action_flag": 3, "action_time": "2013-10-10T12:09:12.568Z", "object_repr": "4", "object_id": "5", "change_message": "", "user": 1, "content_type": 13}}, {"pk": 121, "model": "admin.logentry", "fields": {"action_flag": 3, "action_time": "2013-10-10T12:09:12.576Z", "object_repr": "69", "object_id": "4", "change_message": "", "user": 1, "content_type": 13}}, {"pk": 122, "model": "admin.logentry", "fields": {"action_flag": 3, "action_time": "2013-10-10T12:09:12.586Z", "object_repr": "3", "object_id": "3", "change_message": "", "user": 1, "content_type": 13}}, {"pk": 123, "model": "admin.logentry", "fields": {"action_flag": 3, "action_time": "2013-10-10T12:09:12.593Z", "object_repr": "63", "object_id": "2", "change_message": "", "user": 1, "content_type": 13}}, {"pk": 124, "model": "admin.logentry", "fields": {"action_flag": 3, "action_time": "2013-10-10T12:09:12.602Z", "object_repr": "54", "object_id": "1", "change_message": "", "user": 1, "content_type": 13}}, {"pk": 125, "model": "admin.logentry", "fields": {"action_flag": 3, "action_time": "2013-10-10T12:16:25.218Z", "object_repr": "38", "object_id": "5", "change_message": "", "user": 1, "content_type": 13}}, {"pk": 126, "model": "admin.logentry", "fields": {"action_flag": 3, "action_time": "2013-10-10T12:16:25.226Z", "object_repr": "38", "object_id": "4", "change_message": "", "user": 1, "content_type": 13}}, {"pk": 127, "model": "admin.logentry", "fields": {"action_flag": 3, "action_time": "2013-10-10T12:16:25.234Z", "object_repr": "15", "object_id": "3", "change_message": "", "user": 1, "content_type": 13}}, {"pk": 128, "model": "admin.logentry", "fields": {"action_flag": 3, "action_time": "2013-10-10T12:16:25.243Z", "object_repr": "3", "object_id": "2", "change_message": "", "user": 1, "content_type": 13}}, {"pk": 129, "model": "admin.logentry", "fields": {"action_flag": 3, "action_time": "2013-10-10T12:16:25.254Z", "object_repr": "3", "object_id": "1", "change_message": "", "user": 1, "content_type": 13}}, {"pk": 130, "model": "admin.logentry", "fields": {"action_flag": 3, "action_time": "2013-10-10T12:20:52.491Z", "object_repr": "01847553010 - 54", "object_id": "5", "change_message": "", "user": 1, "content_type": 13}}, {"pk": 131, "model": "admin.logentry", "fields": {"action_flag": 3, "action_time": "2013-10-10T12:20:52.499Z", "object_repr": "018.475.530-10 - 54", "object_id": "4", "change_message": "", "user": 1, "content_type": 13}}, {"pk": 132, "model": "admin.logentry", "fields": {"action_flag": 3, "action_time": "2013-10-10T12:20:52.507Z", "object_repr": "01847553010 - 20", "object_id": "3", "change_message": "", "user": 1, "content_type": 13}}, {"pk": 133, "model": "admin.logentry", "fields": {"action_flag": 3, "action_time": "2013-10-10T12:20:52.515Z", "object_repr": "01847553010 - 48", "object_id": "2", "change_message": "", "user": 1, "content_type": 13}}, {"pk": 134, "model": "admin.logentry", "fields": {"action_flag": 3, "action_time": "2013-10-10T12:20:52.526Z", "object_repr": "018.475.530-10 - 48", "object_id": "1", "change_message": "", "user": 1, "content_type": 13}}, {"pk": 135, "model": "admin.logentry", "fields": {"action_flag": 3, "action_time": "2013-10-10T12:26:40.723Z", "object_repr": "01847553010 - 20", "object_id": "7", "change_message": "", "user": 1, "content_type": 13}}, {"pk": 136, "model": "admin.logentry", "fields": {"action_flag": 3, "action_time": "2013-10-10T12:26:40.731Z", "object_repr": "01847553010 - 1", "object_id": "6", "change_message": "", "user": 1, "content_type": 13}}, {"pk": 137, "model": "admin.logentry", "fields": {"action_flag": 3, "action_time": "2013-10-10T12:26:40.739Z", "object_repr": "01847553010 - 7", "object_id": "5", "change_message": "", "user": 1, "content_type": 13}}, {"pk": 138, "model": "admin.logentry", "fields": {"action_flag": 3, "action_time": "2013-10-10T12:26:40.746Z", "object_repr": "01847553010 - 37", "object_id": "4", "change_message": "", "user": 1, "content_type": 13}}, {"pk": 139, "model": "admin.logentry", "fields": {"action_flag": 3, "action_time": "2013-10-10T12:26:40.754Z", "object_repr": "01847553010 - 5", "object_id": "3", "change_message": "", "user": 1, "content_type": 13}}, {"pk": 140, "model": "admin.logentry", "fields": {"action_flag": 3, "action_time": "2013-10-10T12:26:40.763Z", "object_repr": "01847553010 - 31", "object_id": "2", "change_message": "", "user": 1, "content_type": 13}}, {"pk": 141, "model": "admin.logentry", "fields": {"action_flag": 3, "action_time": "2013-10-10T12:26:40.773Z", "object_repr": "018.475.530-10 - 31", "object_id": "1", "change_message": "", "user": 1, "content_type": 13}}]